CustomerID,Gender,Location,Tenure_Months,total_orders,total_quanity,total_spent_online,avg_order_value,total_orders_ecom,total_quantity_ecom,total_revenue_ecom
17850,M,Chicago,12,297,1133,37714.02,126.9832323,312,1693,4493
13047,M,California,43,44,175,3364.75,76.47159091,196,1355,2304
12583,M,Chicago,33,42,155,3118.75,74.25595238,251,5009,4370
13748,F,California,30,1,1,7.74,7.74,28,439,710
15100,M,California,49,6,15,1108.1,184.6833333,6,58,580
15291,M,California,32,35,93,1122.03,32.058,109,2074,3781
14688,F,New York,46,58,124,7770.65,133.9767241,359,3222,3308
17809,F,New Jersey,24,15,178,894.62,59.64133333,64,2015,3640
15311,F,Chicago,40,587,4211,80775.51,137.6073424,2491,37720,40986
14527,M,California,43,199,955,17352.69,87.19944724,1011,2049,6511
16098,M,Chicago,49,12,13,920.39,76.69916667,67,613,1656
18074,F,California,10,13,15,1914.77,147.29,13,190,365
17420,F,New York,19,7,8,589.52,84.21714286,30,265,499
16029,F,Washington DC,40,52,142,5776.23,111.0813462,274,32148,31920
16250,F,California,30,14,20,2113.73,150.9807143,24,208,248
12431,F,New Jersey,14,44,57,5909.39,134.3043182,240,2868,4639
17511,F,Chicago,25,213,847,19707.45,92.52323944,1076,63012,57563
17548,M,Chicago,50,7,10,609.53,87.07571429,17,-132,-84
13705,F,Chicago,39,10,16,1342.71,134.271,28,363,529
13747,F,Chicago,21,1,1,160.21,160.21,1,8,72
13408,M,Chicago,30,78,1040,8898.38,114.0817949,501,16119,18298
13767,F,Chicago,29,73,206,6560.98,89.87643836,399,7258,11951
17924,M,New Jersey,26,5,5,290.25,58.05,38,1141,2249
13448,F,California,41,36,240,2770.95,76.97083333,199,1638,2666
15862,F,California,24,64,332,9789.63,152.9629688,147,585,531
15513,F,Chicago,21,46,386,5160.36,112.1817391,314,5545,11556
12791,F,Washington DC,26,2,2,153.3,76.65,2,97,111
16218,M,Chicago,40,28,40,3974.78,141.9564286,90,2077,1898
14045,F,California,14,5,8,159.69,31.938,6,535,1347
14307,F,California,28,79,394,8646.57,109.4502532,180,2058,1856
17908,F,California,15,58,192,5929.04,102.2248276,58,173,169
17920,F,California,18,105,939,12159.78,115.8074286,696,2516,2821
12838,F,California,31,59,483,5586.31,94.68322034,123,359,472
13255,M,California,15,6,12,1320.9,220.15,14,174,316
16583,F,California,27,14,708,1981.33,141.5235714,14,111,180
18085,M,Chicago,34,29,94,2429.15,83.7637931,29,265,499
13758,M,Washington DC,46,33,60,2302.93,69.78575758,117,1844,2340
13694,F,California,44,104,152,6245.19,60.04990385,585,61803,34476
15983,M,New York,25,81,447,6570.52,81.11753086,113,892,1043
14849,F,New Jersey,45,52,219,5538.68,106.5130769,392,5656,4811
17968,M,New York,33,85,1202,9082.81,106.8565882,85,160,176
16210,M,New York,49,42,65,4196.14,99.90809524,123,7559,17882
17897,M,Washington DC,19,73,208,6668.98,91.35589041,115,223,433
17377,M,Chicago,34,45,133,4255.23,94.56066667,419,2075,2841
16552,F,California,27,5,7,481.84,96.368,17,219,258
17181,F,New York,49,2,3,340.01,170.005,23,241,140
17951,F,Chicago,36,10,60,923.54,92.354,21,610,684
14729,M,Washington DC,43,71,352,8608.1,121.2408451,71,197,204
12748,F,Chicago,28,695,4869,83112.26,119.5859856,4642,24210,18209
15012,F,California,42,54,184,6193.14,114.6877778,128,231,303
12868,F,California,8,46,101,6101.14,132.6334783,107,928,1115
17572,F,Chicago,49,4,23,450.43,112.6075,12,95,159
14078,F,New York,7,13,140,2546.91,195.9161538,65,310,924
14001,F,New York,10,9,63,1165.54,129.5044444,40,959,1346
12662,M,Chicago,21,34,148,3398.02,99.94176471,232,2040,2680
15525,M,New York,48,57,417,8277.58,145.2207018,180,414,604
14237,F,Chicago,39,9,22,918.37,102.0411111,9,38,130
17905,M,New York,42,28,42,1833.67,65.48821429,34,407,621
15485,M,New York,25,43,330,2683.22,62.40046512,86,1306,1868
12433,M,California,32,147,1494,17779.06,120.9459864,420,11071,8597
16955,F,New York,15,16,20,1361.22,85.07625,26,246,357
15350,M,California,48,5,5,594.53,118.906,5,51,108
15605,F,California,21,12,21,2356.9,196.4083333,67,441,949
18144,F,California,26,10,17,619.98,61.998,43,1343,2228
15922,M,Chicago,29,12,17,727.31,60.60916667,12,136,298
14594,M,California,5,31,61,4895.42,157.9167742,53,185,255
15165,F,New Jersey,36,27,74,2351.77,87.10259259,27,160,396
14911,F,California,34,523,2232,56169.82,107.3992734,5903,77180,93312
16456,M,California,47,62,264,9031.34,145.6667742,111,1148,1503
17841,M,California,21,572,2626,53896.3,94.2243007,7983,22865,29514
12472,F,New Jersey,2,126,508,13065.67,103.6957937,391,4020,4105
17346,F,New Jersey,12,47,185,3435.39,73.09340426,503,1639,1876
17643,F,California,33,8,9,629.8,78.725,8,71,50
17873,M,California,26,9,41,1270.84,141.2044444,46,999,1336
13093,M,California,35,143,612,12998.23,90.89671329,170,3943,5577
12921,M,New York,49,59,394,6418.9,108.7949153,741,9454,11323
13468,M,New York,33,79,1153,9515.16,120.4450633,306,2581,4158
17760,F,New Jersey,45,9,14,958.58,106.5088889,25,239,155
16928,F,California,19,11,94,1642.87,149.3518182,213,2094,2133
16048,M,New Jersey,12,8,13,1457.67,182.20875,9,143,216
16274,F,California,43,67,469,7245.03,108.1347761,67,155,264
14496,F,California,47,19,29,817.95,43.05,19,159,457
14696,M,New York,48,35,96,3752.28,107.208,133,1626,1209
16539,M,California,2,30,123,3637.61,121.2536667,45,477,1056
17025,F,Chicago,45,5,10,1148.87,229.774,9,235,267
13777,F,California,7,67,80,7276.48,108.6041791,219,12804,20491
17690,F,Chicago,6,76,564,7514.27,98.87197368,258,1767,3883
12947,M,California,48,36,54,5153.51,143.1530556,103,1157,819
17460,F,California,35,8,12,534.44,66.805,37,176,337
18229,M,New York,16,17,40,2589.02,152.2952941,164,2488,5840
14142,F,Chicago,21,22,40,3758.17,170.8259091,22,313,184
17069,F,California,10,30,51,2476.08,82.536,154,1482,1846
13065,F,Chicago,32,14,27,1526.23,109.0164286,14,74,153
14606,F,Chicago,33,575,3127,64045.5,111.3834783,2782,5978,8598
16835,M,Chicago,11,5,12,260.37,52.074,10,61,164
15235,F,New Jersey,23,88,557,7788.15,88.50170455,143,1324,1535
13576,M,New York,23,34,226,2194.21,64.53558824,130,2640,5709
18011,M,California,7,28,34,1796.89,64.17464286,28,71,64
13090,M,New Jersey,4,13,34,1462.55,112.5038462,161,2194,7497
15694,F,New York,41,24,85,2724.49,113.5204167,79,1665,5493
14741,M,California,32,19,33,1550.47,81.60368421,59,841,831
13715,M,California,23,100,272,7770.69,77.7069,108,555,739
14092,F,Chicago,41,61,194,3207.76,52.58622951,217,2061,2912
17732,F,Chicago,8,18,127,2067.11,114.8394444,18,93,220
12855,F,New York,33,3,7,909.83,303.2766667,3,30,12
15752,F,New York,27,14,92,1754.62,125.33,412,1973,1739
17855,F,New York,13,17,45,1577.37,92.78647059,17,197,113
14047,F,California,10,15,97,377.06,25.13733333,34,377,1088
17925,M,New York,12,1,1,26.09,26.09,1,72,216
13941,F,New York,38,12,17,978.83,81.56916667,47,2307,3791
17017,M,California,40,75,253,7752.51,103.3668,268,6613,5078
14135,F,Chicago,21,70,199,5877.75,83.96785714,134,3850,3046
13108,F,Chicago,45,10,253,561.89,56.189,10,298,178
12471,F,California,11,128,279,14939.01,116.7110156,531,7965,13924
15601,F,Chicago,46,157,1653,18663.1,118.8732484,414,4978,4409
13418,F,New York,22,49,96,4072.15,83.10510204,314,3839,3950
14766,M,New York,24,8,10,818.27,102.28375,137,1323,1642
15658,M,Chicago,24,28,160,6120.42,218.5864286,56,232,790
14388,F,California,6,23,250,1786.92,77.69217391,191,1933,2263
14901,F,Chicago,4,40,100,5015.89,125.39725,98,659,1079
18041,M,Washington DC,30,163,716,16700.14,102.4548466,474,3810,2018
15955,F,California,49,20,169,3538.15,176.9075,185,2124,3243
15070,F,Washington DC,39,1,103,528.44,528.44,1,36,72
16244,F,New York,36,63,90,5843.61,92.75571429,91,855,995
15111,M,New Jersey,9,16,777,2892.04,180.7525,84,710,1236
14390,M,Chicago,37,28,39,3696.74,132.0264286,291,2125,3528
16546,F,California,42,12,18,1680.37,140.0308333,31,-303,76
15260,F,Chicago,45,17,22,1750.87,102.9923529,78,861,1230
13305,F,Chicago,38,5,7,497.74,99.548,81,1232,1189
14491,F,California,6,4,60,558.69,139.6725,17,139,250
14060,F,Chicago,22,40,346,4312.17,107.80425,203,5374,3546
15923,F,Chicago,34,21,26,2267.58,107.98,21,122,71
16752,M,New York,42,9,16,1023.08,113.6755556,9,54,173
17287,F,Washington DC,45,22,126,2192.47,99.65772727,124,559,784
15363,M,New York,32,16,25,1166.17,72.885625,17,143,222
12915,F,Washington DC,3,13,37,1208.4,92.95384615,22,93,294
15544,M,Chicago,22,26,35,2215.63,85.21653846,261,3105,1875
15738,M,New Jersey,16,37,88,2580.67,69.74783784,176,2967,2971
16042,F,Chicago,16,6,14,582.46,97.07666667,75,745,775
17381,M,New Jersey,17,19,28,2876.78,151.4094737,110,25646,10350
15827,F,Chicago,3,29,38,3290.08,113.4510345,134,842,1117
14180,F,California,11,88,1669,22612.36,256.9586364,248,710,4100
13117,M,New Jersey,30,34,89,2264.17,66.59323529,76,945,577
16916,F,New York,7,50,110,3465.51,69.3102,143,440,369
17964,M,New Jersey,5,35,88,4756.07,135.8877143,104,301,331
14466,F,Chicago,18,17,23,2072.48,121.9105882,72,1006,1620
17235,M,California,12,10,14,1897.21,189.721,29,224,404
16510,F,California,39,13,22,2152.51,165.5776923,13,92,204
17802,F,California,13,12,39,887.19,73.9325,147,743,908
15107,F,New York,20,20,80,1674.71,83.7355,20,162,114
17976,M,Washington DC,12,65,165,5854.97,90.07646154,65,106,297
14449,M,New Jersey,39,50,406,7176.37,143.5274,258,757,532
15838,F,Chicago,9,6,19,551.98,91.99666667,169,9007,21683
16781,F,New York,38,19,23,2126.07,111.8984211,19,111,223
17547,M,Chicago,41,2,2,174.13,87.065,2,-4,-8
13491,F,Chicago,16,42,144,4533.73,107.9459524,86,903,802
16186,F,New York,18,20,50,862.28,43.114,219,3008,2288
17685,M,Washington DC,37,41,143,3621.27,88.32365854,130,1956,2051
17581,M,California,25,65,105,5570.81,85.70476923,452,5861,7368
15732,F,Chicago,21,5,5,355.36,71.072,14,215,174
13138,F,California,21,14,21,1559.99,111.4278571,63,473,696
15823,M,New York,27,17,20,750.27,44.13352941,17,-283,-657
17567,F,California,9,27,107,2672.12,98.96740741,177,2428,2876
15061,M,California,7,170,782,17423.11,102.4888824,410,28590,39910
16203,M,California,9,12,22,1677.37,139.7808333,36,261,461
15640,F,California,30,115,754,10929.14,95.036,495,6572,9156
15574,F,New York,5,159,491,13458.17,84.64257862,168,349,528
16770,F,Chicago,26,67,127,9833.94,146.7752239,146,452,506
17838,F,California,14,43,96,4858.01,112.9769767,137,1421,1618
17228,M,Chicago,42,48,68,4215.47,87.82229167,208,1532,1175
14829,M,California,15,29,47,4722.35,162.8396552,45,414,401
17412,F,California,19,21,79,2355.22,112.1533333,66,738,890
14031,F,Chicago,17,51,160,3669.74,71.95568627,258,5370,12667
14775,F,Chicago,25,20,43,1582.54,79.127,60,1174,442
12971,F,Washington DC,43,47,150,4566.84,97.16680851,308,9203,6340
15834,M,Chicago,12,2,6,124.68,62.34,276,961,1485
17659,F,California,33,17,239,1609.54,94.67882353,161,1486,2128
15299,M,Chicago,25,3,56,354.95,118.3166667,12,2940,2401
15646,M,California,10,17,37,1839.35,108.1970588,36,388,249
13958,F,New Jersey,22,5,5,496.97,99.394,5,-23,-86
14443,F,New Jersey,41,42,156,2552.53,60.77452381,98,931,937
14156,F,California,5,86,112,9147.48,106.3660465,1420,57025,85274
16995,F,California,50,1,1,24.03,24.03,1,-1,-1
13402,M,Chicago,42,17,57,1492.56,87.79764706,39,479,351
18168,F,Chicago,5,44,123,4230.77,96.15386364,140,585,802
17757,F,New York,45,123,538,9555.28,77.68520325,742,3316,3544
14625,F,Chicago,14,36,119,2840.97,78.91583333,57,330,628
13011,F,New York,18,3,17,232.86,77.62,3,13,39
13798,M,California,37,123,348,10898.02,88.60178862,439,23514,24820
15384,M,California,30,22,167,1889.55,85.88863636,43,593,316
14264,M,Chicago,16,2,2,30.01,15.005,19,66,265
13295,F,New York,33,11,71,822.42,74.76545455,11,81,159
16754,F,New Jersey,5,2,2,149.79,74.895,2,4280,1400
16634,F,New York,33,8,10,1110.42,138.8025,9,82,174
18239,M,New York,20,52,140,6503.32,125.0638462,88,795,1087
14576,F,Chicago,26,1,1,66.33,66.33,1,12,24
13145,F,California,4,1,1,23,23,7,142,532
14395,M,New Jersey,4,63,116,4136.1,65.65238095,353,1689,2515
14865,F,New Jersey,8,3,3,50.83,16.94333333,4,108,12
15093,M,California,46,39,114,3950.83,101.3033333,112,3733,2945
12738,M,New York,42,11,17,1850.07,168.1881818,11,148,67
16150,F,Washington DC,34,26,98,2432.59,93.56115385,136,1004,1293
17552,F,New York,44,13,162,1184.81,91.13923077,51,708,537
14236,F,Chicago,18,3,23,275.33,91.77666667,15,310,334
17961,F,California,10,81,398,10506.07,129.7045679,249,560,970
14573,M,California,40,76,625,7775.25,102.3059211,241,538,1289
17135,F,California,45,9,14,1474.78,163.8644444,52,1224,677
17396,F,California,13,3,3,41.97,13.99,27,2005,6304
14213,F,California,25,5,5,97.03,19.406,5,-244,-1024
12967,F,New York,34,19,23,1635.45,86.07631579,33,243,1051
12686,M,Chicago,30,7,9,1028.02,146.86,7,107,42
14679,M,California,26,1,1,160.21,160.21,1,-1,-2
15240,M,New York,40,17,25,2333.53,137.2664706,83,1361,1159
18225,F,New Jersey,28,3,38,122.21,40.73666667,286,3206,3893
13370,M,Washington DC,41,44,129,3603.28,81.89272727,44,336,567
16883,F,Washington DC,37,17,22,2381.68,140.0988235,38,104,223
13520,F,Chicago,19,31,69,3973.65,128.1822581,95,1642,2604
12841,F,California,19,110,376,13205.69,120.0517273,439,2683,2214
16905,F,New York,33,10,28,1116.4,111.64,209,1407,2370
12427,F,New York,37,13,170,1440.33,110.7946154,35,236,585
17967,F,Chicago,6,48,328,5068.82,105.6004167,48,80,84
16891,M,Chicago,12,69,372,8628.09,125.0447826,203,283,632
14589,F,New York,48,3,35,293.55,97.85,3,5,35
14680,F,California,37,89,577,8092.18,90.92337079,320,12474,18511
17884,F,Chicago,37,93,241,9664.87,103.9233333,117,854,364
12557,M,New York,50,9,10,334.12,37.12444444,33,4384,9472
14083,M,Chicago,41,95,664,7854.43,82.67821053,181,732,685
13013,M,Chicago,13,67,158,5778.55,86.24701493,222,2217,3375
14210,F,New York,18,37,53,3549.97,95.94513514,103,759,1455
16477,F,Washington DC,50,59,129,4971.08,84.25559322,146,1415,1668
12600,M,New York,39,15,16,891.36,59.424,65,773,2048
16013,M,New York,31,12,15,525.69,43.8075,151,13845,24504
17949,F,New Jersey,15,2,3,73.78,36.89,79,27571,38677
12779,F,California,28,42,98,2651.31,63.12642857,159,1996,2891
16926,M,California,48,14,17,605.77,43.26928571,14,35,206
17787,M,California,8,79,113,7574.16,95.87544304,134,910,1371
12682,F,Chicago,33,127,230,13237.87,104.2351969,525,5575,9013
14723,M,Chicago,4,90,297,7858.58,87.31755556,278,695,799
17954,F,New York,22,84,175,7397.5,88.06547619,489,2229,1243
17819,M,Chicago,13,14,16,1418.85,101.3464286,49,1027,3110
12712,M,Chicago,37,47,65,4117.44,87.60510638,142,1044,3567
15373,M,Washington DC,24,24,229,2603.35,108.4729167,137,476,1876
16140,F,California,34,7,28,1142.5,163.2142857,37,727,270
17198,F,New York,18,77,966,10181.63,132.228961,96,357,477
17238,F,Chicago,20,86,280,10469.93,121.7433721,566,1822,2865
12793,F,Chicago,39,24,61,2533.39,105.5579167,24,295,358
15769,F,Chicago,25,12,36,972.56,81.04666667,147,27660,32004
14396,M,New Jersey,9,34,341,4818.53,141.7214706,73,225,374
14898,F,California,25,12,52,1723.69,143.6408333,119,1008,686
12725,F,New Jersey,48,24,795,5073.19,211.3829167,24,164,355
16725,F,Chicago,48,133,851,12847.5,96.59774436,152,293,604
12395,F,New Jersey,10,32,61,1641.49,51.2965625,159,2113,1764
16455,F,Chicago,23,30,138,1861.69,62.05633333,99,988,1362
13081,F,New York,5,261,1137,22177.12,84.96980843,1061,19021,17378
15545,F,California,39,31,92,3735.85,120.5112903,81,163,208
17243,M,Chicago,9,64,107,6393.93,99.90515625,407,3362,6781
15465,F,Chicago,14,21,88,1684.31,80.2052381,104,1217,6139
15708,F,Chicago,49,96,551,9667.66,100.7047917,297,1258,2493
13089,F,New Jersey,25,366,927,30472.73,83.25882514,1857,30787,40389
16033,F,Chicago,48,141,493,9442.39,66.96730496,1152,3516,6740
13838,F,California,5,52,185,6817.65,131.1086538,174,263,536
15351,F,Washington DC,29,53,2160,21416.8,404.090566,233,732,1493
18055,F,Washington DC,18,96,242,10059.18,104.783125,363,2450,5227
15038,F,California,37,35,69,2658.46,75.956,133,187,549
18109,F,New York,9,72,114,3877.16,53.84944444,454,4219,5890
13069,F,New York,38,138,266,9416.64,68.23652174,470,5466,1647
16241,M,New York,34,71,324,6524.91,91.90014085,662,1453,1809
14800,M,Chicago,21,146,404,11825.88,80.99917808,392,3634,2561
16839,F,New York,10,26,53,1810.35,69.62884615,298,8470,11744
16168,M,Washington DC,24,8,70,546.81,68.35125,99,1888,2640
16931,F,New Jersey,37,129,388,11911.35,92.33604651,898,3158,3073
16814,M,California,22,92,318,8303.71,90.25771739,325,2768,5153
13269,F,California,41,28,224,3217.2,114.9,320,3509,3467
14813,F,New York,32,30,42,2951.77,98.39233333,30,67,134
12567,F,Washington DC,23,146,519,13476.34,92.30369863,463,4089,6899
17062,M,Chicago,44,71,266,6673.76,93.99661972,71,428,340
15332,F,California,30,35,231,2884.79,82.42257143,35,652,1294
14810,M,California,21,55,279,6882.16,125.1301818,255,1016,1488
16353,M,Washington DC,6,13,21,963.29,74.09923077,94,2006,5385
18118,M,Chicago,24,250,1230,23052.98,92.21192,1284,2877,3945
13831,F,California,35,2,3,326.99,163.495,74,745,1769
13506,M,New Jersey,30,29,106,3967.35,136.8051724,29,321,295
17796,F,Washington DC,5,78,108,10302.76,132.0866667,82,178,561
15716,F,Chicago,2,38,76,2690.8,70.81052632,118,744,617
18156,F,California,26,55,151,3779.77,68.72309091,140,301,551
15221,F,California,7,11,11,375.99,34.18090909,11,25,90
16983,F,New York,21,23,42,1238.69,53.85608696,149,1366,1155
17059,M,California,24,117,153,9475.46,80.98683761,516,1855,2137
16327,M,California,44,101,195,10007.81,99.08722772,319,2571,2272
17211,F,Chicago,29,75,385,5046.74,67.28986667,213,1310,1599
17026,M,California,23,3,3,158.28,52.76,4,97,84
15570,F,New Jersey,34,144,835,18842.15,130.8482639,330,2058,2994
15880,F,New York,33,106,1060,15315.39,144.4848113,106,187,210
16718,F,California,39,45,68,4782.52,106.2782222,45,413,414
15808,F,California,6,210,889,26954.08,128.3527619,210,1341,2971
17858,M,Chicago,34,35,893,4905.66,140.1617143,199,2706,3021
16393,F,Chicago,20,22,202,1520.46,69.11181818,358,1529,2349
14161,F,Chicago,41,26,89,2817.7,108.3730769,108,455,884
17863,F,Chicago,50,48,53,4297.32,89.5275,148,2638,1754
16411,F,Chicago,40,21,77,1006.98,47.95142857,45,132,137
16402,M,Chicago,31,57,163,7056.04,123.7901754,60,149,218
15023,F,Chicago,40,105,338,8983.52,85.55733333,563,2863,5086
17402,F,California,37,27,214,2428.17,89.93222222,59,701,2208
15426,F,Chicago,17,87,440,7316.49,84.09758621,300,663,1051
12647,M,New York,28,53,216,4239.1,79.98301887,128,1420,3034
15894,M,Chicago,44,38,119,3741.02,98.44789474,41,168,175
15867,M,New York,11,138,307,12799.29,92.74847826,463,2052,2822
14506,F,California,34,50,134,6779.37,135.5874,316,730,1552
15555,F,Chicago,34,96,240,6650.12,69.27208333,925,4410,2737
13034,F,Chicago,40,11,39,242.33,22.03,37,369,452
15889,F,California,21,66,583,9853.42,149.2942424,93,215,338
15953,M,New Jersey,23,27,45,2555.39,94.64407407,103,885,1068
16143,F,California,9,28,71,3315.71,118.4182143,118,917,1913
12720,F,Chicago,20,65,225,7413.99,114.0613846,359,4654,3360
16422,F,California,35,54,503,4825.11,89.35388889,399,32592,19449
12747,F,Chicago,9,20,211,1853.39,92.6695,103,1275,3388
15502,F,New York,27,40,395,4957.15,123.92875,252,3823,3105
12763,F,California,48,16,39,1184.69,74.043125,18,316,332
14081,F,California,49,69,262,5992.19,86.84333333,156,593,603
17965,F,Chicago,7,92,224,5401.42,58.71108696,329,1556,1838
14404,M,Chicago,32,46,62,3666.9,79.71521739,104,831,945
13579,F,New York,49,9,9,540.04,60.00444444,23,176,341
13174,M,Chicago,25,242,794,24376.97,100.731281,314,1395,2001
15987,F,California,32,9,14,301.36,33.48444444,140,1556,779
17677,M,New York,3,44,132,3480.15,79.09431818,321,9725,10322
13652,F,Washington DC,35,18,20,518.8,28.82222222,63,578,840
12586,M,California,3,1,1,25.49,25.49,12,77,150
17428,F,California,14,50,89,2493.31,49.8662,343,9435,11882
16161,M,New York,10,124,341,12517.69,100.9491129,502,2506,4049
16858,F,Chicago,47,13,14,636.93,48.99461538,13,83,295
18219,F,New York,32,24,97,1245.18,51.8825,115,883,1543
14293,F,California,18,15,40,1009.27,67.28466667,61,709,723
14748,F,Chicago,31,35,210,1766.64,50.47542857,92,1192,747
16638,F,New York,34,12,50,351.89,29.32416667,95,1254,1098
17674,M,Chicago,2,11,14,472.38,42.94363636,27,672,292
12808,M,California,32,7,105,603.49,86.21285714,28,188,375
13094,M,Washington DC,10,5,26,453.66,90.732,30,1542,1560
15899,F,Washington DC,24,4,9,392.46,98.115,4,39,34
12708,F,California,25,33,170,3042.67,92.20212121,174,1270,1914
15898,M,Chicago,27,64,73,5067.29,79.17640625,87,568,1068
17691,F,Chicago,48,19,40,679.25,35.75,19,134,224
17227,F,New Jersey,19,10,14,312.58,31.258,47,741,714
15039,F,Chicago,19,315,1665,30508.02,96.85085714,1508,9191,15057
15919,F,Washington DC,24,49,401,4960.72,101.2391837,143,545,342
13497,F,New York,22,10,24,1002.28,100.228,20,159,211
15860,F,New York,46,15,179,2364.28,157.6186667,142,440,752
14189,F,New York,7,47,357,5510.63,117.2474468,277,3919,2753
15304,M,California,12,5,5,284.47,56.894,26,100,597
14867,F,Chicago,50,16,38,996.29,62.268125,37,327,518
14344,F,New York,15,14,29,1828.23,130.5878571,71,477,581
12474,F,New York,17,36,225,7162.08,198.9466667,457,4764,4471
16719,F,New York,40,60,236,6716.05,111.9341667,203,1202,1221
15048,M,California,17,23,65,1718.16,74.7026087,98,183,279
15301,F,New Jersey,19,34,187,4127.03,121.3832353,247,2768,3409
14708,F,Chicago,16,13,67,2898.88,222.9907692,29,615,722
16898,M,Chicago,40,33,127,3615.51,109.5609091,163,386,299
14825,F,California,34,18,225,2111.3,117.2944444,121,991,1718
18113,M,New York,3,1,13,122.25,122.25,1,72,72
17596,F,California,38,60,338,5172.66,86.211,270,4400,1068
15078,F,New York,6,56,165,5981.96,106.8207143,451,5069,7727
14085,F,New York,5,171,691,13187.67,77.12087719,451,3183,2767
17860,F,New Jersey,49,58,109,3701.22,63.81413793,58,104,196
13155,F,California,8,63,164,6463.66,102.5977778,85,497,698
15028,F,California,8,14,57,1025.24,73.23142857,48,459,459
16919,F,New York,10,65,969,7912.25,121.7269231,327,1413,1834
17259,M,Chicago,8,87,152,6267.88,72.0445977,124,410,375
17019,M,New York,25,90,170,8468.77,94.09744444,234,827,858
14487,F,Chicago,41,14,124,1765.57,126.1121429,145,734,821
16722,F,New Jersey,45,42,49,2624.66,62.49190476,228,4989,2336
15882,F,New York,45,17,109,2688.68,158.1576471,24,266,402
14667,F,California,30,168,1573,27835.61,165.6881548,576,5382,6408
16710,F,New York,30,75,330,5035.07,67.13426667,402,1836,1580
16550,F,New York,34,51,155,3836.14,75.21843137,261,1526,1543
15984,F,California,25,17,18,772.67,45.45117647,275,1833,1973
17682,M,Chicago,39,18,182,1512.39,84.02166667,119,1365,1602
16658,F,Chicago,40,8,11,1022.97,127.87125,8,40,97
17068,F,Washington DC,31,69,104,6808.71,98.67695652,297,2154,3567
15356,F,California,32,115,701,10539.22,91.6453913,519,1673,1875
17223,F,California,10,49,905,8120.65,165.727551,49,112,350
16817,M,California,20,19,94,1886.79,99.30473684,95,762,971
13030,M,California,39,60,226,2670.19,44.50316667,99,394,594
17191,M,Chicago,13,72,401,8363.87,116.1648611,237,1167,1520
15194,M,Chicago,33,114,2020,24698.14,216.6503509,326,5648,4797
14409,M,New York,15,14,26,2441.26,174.3757143,55,1158,1291
16654,F,California,15,9,27,735.24,81.69333333,31,280,417
16861,F,New York,41,2,10,40.86,20.43,8,133,72
16138,F,California,20,1,1,15.28,15.28,1,-1,-7
13481,M,Chicago,6,1,1,15.28,15.28,112,1127,1226
13495,M,New York,25,26,40,2106.64,81.02461538,52,814,1546
17519,F,New Jersey,46,19,106,1898.84,99.93894737,83,1233,975
17218,F,Chicago,31,119,231,8493,71.3697479,274,958,1429
17812,M,Chicago,20,33,42,2089,63.3030303,141,350,534
14215,F,New York,29,52,244,3593.95,69.11442308,109,1354,1132
15602,F,New Jersey,10,17,20,1589.96,93.52705882,54,1001,575
17320,F,California,40,22,116,1872.09,85.095,73,634,879
16782,F,New York,45,119,1376,11022.65,92.62731092,197,703,1734
12913,F,New York,21,4,4,94.76,23.69,50,1419,1779
17869,M,California,50,16,17,874.58,54.66125,40,111,360
13564,M,California,26,82,205,8097.39,98.74865854,85,659,317
14850,F,California,21,22,30,1613.44,73.33818182,22,285,138
15021,F,Chicago,35,57,538,4164.34,73.05859649,479,829,1459
13963,F,Chicago,40,35,371,5162.34,147.4954286,35,460,445
17450,F,California,17,74,267,3284.8,44.38918919,351,69029,161344
17091,F,California,37,53,111,4047.05,76.35943396,198,1743,3114
17470,F,California,48,11,14,1310.96,119.1781818,78,1675,336
17616,F,New York,6,1,1,125.5,125.5,3,224,448
15649,M,California,22,2,2,95.35,47.675,2,192,768
12681,M,Chicago,27,223,504,17588.57,78.87251121,646,7518,9500
14907,M,Chicago,46,48,261,5276.43,109.925625,168,1686,2600
17735,M,New Jersey,49,57,163,7354.95,129.0342105,690,8439,8998
16059,M,Chicago,44,49,181,3033.94,61.91714286,180,643,1075
17720,F,Chicago,28,1,1,55.49,55.49,50,576,870
15018,F,California,22,5,26,319.94,63.988,32,188,357
14733,M,New York,30,134,617,11961.86,89.26761194,216,3725,7415
13756,F,California,6,16,46,1785.41,111.588125,143,3164,3581
14176,F,New York,13,14,15,546.34,39.02428571,32,207,450
13319,F,Chicago,27,98,277,6895.93,70.36663265,500,4686,7902
15353,F,California,46,12,20,1055.46,87.955,63,343,611
18119,F,California,20,30,151,1887.28,62.90933333,30,125,121
17491,F,New Jersey,31,13,21,373.89,28.76076923,110,2012,2660
14282,F,New Jersey,37,13,53,1207.69,92.89923077,156,2668,2474
13569,M,Chicago,14,24,134,1963.09,81.79541667,85,164,284
15498,F,New York,14,163,511,12825.98,78.68699387,523,6084,9345
14673,M,New York,9,15,28,1732.33,115.4886667,74,1004,1254
13488,F,California,22,149,719,12528.78,84.08577181,427,4512,6572
16221,F,California,9,12,199,1228.69,102.3908333,97,717,556
15002,M,Chicago,41,56,157,3598.69,64.26232143,115,862,1106
15965,F,Chicago,26,16,191,2219.37,138.710625,122,453,608
15024,F,New York,9,48,656,5037.69,104.951875,155,920,1127
17675,F,New York,17,61,267,5566.53,91.25459016,721,8278,16075
13769,F,New York,20,32,100,3631.51,113.4846875,143,1152,2100
16904,F,California,17,76,234,6813.71,89.65407895,710,2034,2758
16086,F,New York,47,8,8,853.18,106.6475,40,510,909
13786,M,Chicago,21,7,29,587.16,83.88,7,136,156
13880,F,New York,40,6,27,1262.58,210.43,165,1842,2245
13173,F,California,8,23,151,3791.5,164.8478261,43,277,220
15858,F,California,18,44,107,3605.65,81.94659091,191,1167,912
15180,F,California,41,6,6,608.15,101.3583333,6,36,61
12347,M,New York,20,60,342,14500.04,241.6673333,182,2458,3012
14739,F,New York,27,18,29,1057.34,58.74111111,61,3817,2467
16293,M,Chicago,13,16,16,768.46,48.02875,120,978,1771
17419,F,New York,48,37,54,2451.37,66.25324324,208,1872,3129
16775,F,Chicago,19,30,42,3048.57,101.619,158,440,1392
16306,M,New York,13,15,19,521.75,34.78333333,44,471,373
16950,F,Chicago,26,3,4,172.5,57.5,42,644,883
17591,F,New York,25,99,133,6822.33,68.91242424,167,1008,1774
12839,F,California,45,37,107,4083.99,110.3781081,316,3804,3510
13807,F,Chicago,33,7,12,1317.08,188.1542857,7,36,88
16125,M,California,22,13,21,1786.86,137.4507692,13,124,205
15081,M,Chicago,24,8,10,585.65,73.20625,35,188,336
18102,F,Chicago,48,18,40,2310,128.3333333,433,64122,220769
16365,F,California,49,7,14,552.59,78.94142857,51,504,1386
17870,M,New Jersey,40,1,1,49.99,49.99,280,1400,1232
14821,M,Chicago,41,2,3,370,185,2,20,40
16863,F,Chicago,22,10,297,1250.28,125.028,28,392,306
13078,F,California,28,54,409,4520.62,83.71518519,380,5557,9331
13267,M,California,46,46,1141,17114.52,372.0547826,224,1939,3374
13050,F,Chicago,10,103,298,11204.34,108.78,422,3707,3845
12709,M,Washington DC,36,33,200,3355.49,101.6815152,257,3832,7163
15628,F,California,4,19,23,2270.22,119.4852632,157,1882,1912
12386,M,California,38,10,15,682.89,68.289,10,354,228
14796,F,Chicago,3,143,646,15665.61,109.5497203,1165,5942,5282
16779,M,Washington DC,11,75,456,6082.94,81.10586667,344,5236,7851
13599,F,California,46,30,32,1912.52,63.75066667,264,3169,3626
13329,M,Chicago,2,9,10,634.88,70.54222222,19,427,552
18077,M,Chicago,34,63,541,5682.43,90.19730159,227,1878,1587
14744,F,California,31,14,136,1818.78,129.9128571,28,625,789
17406,F,Chicago,3,116,573,8080.12,69.6562069,116,784,1492
15750,F,California,7,21,41,2305.46,109.7838095,295,1779,1674
13983,M,California,30,50,561,10911.9,218.238,112,1170,1933
13842,F,New York,5,55,562,7989.97,145.2721818,206,1768,2309
12441,F,Chicago,39,11,16,1814.3,164.9363636,11,121,110
13199,M,California,47,16,32,2004.12,125.2575,120,6172,7005
14032,M,New York,50,32,239,4487.82,140.244375,152,2008,1897
17706,M,New Jersey,29,28,165,2498.47,89.23107143,395,3833,8031
16081,M,New York,14,22,216,3069.45,139.5204545,227,1477,1853
16525,F,California,47,39,43,3823.72,98.04410256,200,6493,8984
14952,F,New York,28,10,15,627.08,62.708,149,3295,6440
17975,M,Chicago,6,89,1397,13291.35,149.3410112,297,1552,3592
16122,M,California,43,19,24,1016.5,53.5,38,1128,242
13126,F,Washington DC,37,32,73,2472.98,77.280625,142,2130,1060
15973,M,Chicago,9,5,29,387.25,77.45,6,87,90
16558,M,California,35,64,108,3995.05,62.42265625,474,5346,5583
16713,M,Chicago,5,106,566,9539.94,89.99943396,632,4264,4685
16893,F,New York,50,45,98,4111.96,91.37688889,45,62,106
15529,M,California,16,76,330,8965.05,117.9611842,674,3489,2232
18043,F,New York,18,66,292,5479.86,83.02818182,121,282,412
16016,M,California,19,70,482,6856,97.94285714,237,618,1105
17722,F,Chicago,12,80,146,6733,84.1625,120,1572,1562
17324,M,New Jersey,49,17,632,1712.53,100.7370588,50,844,547
17341,F,New York,13,161,768,12546.75,77.93012422,183,489,493
14051,M,Chicago,6,41,77,4018.88,98.02146341,215,3741,13108
15916,F,Chicago,37,48,76,4243.81,88.41270833,160,752,1087
16233,F,New York,23,12,24,758.69,63.22416667,25,165,306
16385,M,California,19,21,42,969.5,46.16666667,59,261,412
15032,F,California,4,30,191,2136.26,71.20866667,55,2668,2728
17213,M,Chicago,25,53,134,3917.62,73.91735849,164,1167,2081
18061,M,Washington DC,4,11,13,1276.47,116.0427273,46,955,1586
13113,M,New Jersey,44,62,2494,21103.72,340.3825806,280,2594,9182
16553,M,Chicago,39,18,265,6662.3,370.1277778,86,4595,3264
13455,F,New York,38,36,93,3317.45,92.15138889,53,345,792
14217,F,New York,10,22,48,1019.89,46.35863636,107,677,1482
17262,F,California,22,2,3,22.57,11.285,12,367,1069
14299,F,Washington DC,18,34,129,3297.58,96.98764706,162,2013,1868
18259,F,California,5,7,46,822.67,117.5242857,42,714,2058
17676,M,New York,15,15,52,1358.68,90.57866667,79,931,836
16679,M,New York,28,3,5,97.05,32.35,3,29,120
18269,M,Chicago,25,8,10,153.06,19.1325,8,70,94
12766,F,Chicago,22,88,158,4703.18,53.44522727,310,3646,5017
15298,F,Chicago,2,39,182,2238.64,57.40102564,194,2752,2428
18193,F,California,31,1,3,14.9,14.9,18,120,141
13523,F,Chicago,13,30,36,1760.67,58.689,177,1745,2810
12870,F,California,28,2,2,62.97,31.485,2,-2,-13
15005,F,New York,30,146,812,12072.5,82.68835616,1160,4204,3679
15581,F,California,18,49,139,3154,64.36734694,151,286,3255
15680,M,California,32,30,75,2548.68,84.956,78,952,844
13649,F,California,34,15,59,723.08,48.20533333,23,139,258
17894,F,California,37,115,284,10913.87,94.90321739,193,405,868
13270,M,Chicago,7,1,1,85.5,85.5,1,200,400
14618,M,Chicago,13,6,40,582.1,97.01666667,17,261,406
14866,F,Chicago,43,1,1,21.69,21.69,103,6569,11629
13077,F,New York,45,14,148,1610.96,115.0685714,112,863,423
13115,F,Chicago,26,2,9,254.62,127.31,132,1534,1319
13531,F,New Jersey,48,15,199,6646.27,443.0846667,22,174,394
13848,M,New York,35,1,15,132.86,132.86,5,3700,0
13140,M,New York,34,16,36,733.76,45.86,46,186,327
15713,M,California,3,10,21,1105.24,110.524,20,149,254
17999,F,New Jersey,30,38,295,4175.66,109.8857895,93,221,268
15347,M,California,48,5,5,104.09,20.818,5,130,164
17340,F,California,36,137,502,11243.87,82.0720438,424,5902,8866
13984,F,New York,34,9,11,161.89,17.98777778,17,271,294
15996,F,Chicago,26,32,44,1038.76,32.46125,131,382,784
14030,F,California,5,27,322,4988.65,184.7648148,243,1479,1686
16252,F,Chicago,37,21,29,1737.57,82.74142857,21,-158,-208
16596,F,New York,18,6,16,94.84,15.80666667,12,97,192
16700,M,New York,7,52,83,4408.92,84.78692308,312,4019,3118
16011,M,New Jersey,10,50,79,6398.95,127.979,212,2042,2440
17655,F,New York,2,11,16,303.7,27.60909091,93,956,2071
16717,F,New York,42,18,52,1255.07,69.72611111,236,1568,2381
14243,M,New York,46,40,131,3925.79,98.14475,148,1204,1843
12963,M,New York,9,16,49,982.88,61.43,96,873,1411
15079,F,California,45,27,39,4568.34,169.1977778,48,388,645
14437,F,New York,3,5,5,198.5,39.7,6,59,-82
12942,F,New Jersey,4,16,36,861.08,53.8175,75,203,558
15660,M,New Jersey,13,10,15,661.06,66.106,94,1037,986
18092,M,California,34,21,35,1694.83,80.70619048,90,4250,6540
15358,F,New Jersey,35,122,283,11464.85,93.97418033,561,6927,4759
12481,F,California,49,46,757,11561.1,251.3282609,218,3290,3892
12721,F,California,5,18,144,2127.39,118.1883333,164,1954,1656
12621,M,California,44,33,117,2742.85,83.11666667,474,7404,9224
18071,M,Chicago,24,14,73,662.56,47.32571429,25,260,355
12683,M,Chicago,15,77,744,10691.3,138.8480519,362,4903,5807
12755,F,Chicago,37,1,2,56.48,56.48,6,866,1726
13854,F,Chicago,44,33,144,3201.75,97.02272727,114,2278,6790
12797,M,California,34,17,18,460.34,27.07882353,17,79,154
13369,F,New York,24,19,25,1745.68,91.87789474,19,127,198
12494,F,California,28,7,9,456.91,65.27285714,84,690,810
17857,M,Chicago,47,5,7,586.97,117.394,56,19086,18449
17411,F,Chicago,16,2,16,182.81,91.405,43,298,584
14932,M,New Jersey,35,17,53,833.54,49.03176471,17,80,314
12429,F,New Jersey,43,20,133,2732.72,136.636,97,1557,2934
14987,F,California,3,2,26,324.84,162.42,4,128,256
14355,F,New York,7,11,100,1403.6,127.6,11,92,126
17526,M,California,22,7,19,581.2,83.02857143,23,257,604
14896,F,Washington DC,40,32,66,3563.92,111.3725,43,279,308
14440,F,New Jersey,10,31,280,5509.07,177.7119355,55,588,1977
13240,F,California,24,21,49,1543.17,73.48428571,67,298,492
14479,F,California,17,10,50,413.06,41.306,18,117,227
16065,F,New York,41,74,110,7809.09,105.5282432,74,231,220
17430,F,Chicago,36,5,10,1320,264,14,190,164
16520,F,Washington DC,37,60,184,7933.4,132.2233333,157,557,711
15945,F,New York,13,2,111,541.61,270.805,2,52,144
15181,F,New Jersey,20,2,2,71.18,35.59,18,542,452
15856,M,Chicago,4,54,96,4584.91,84.90574074,653,10941,11242
13102,F,New York,10,93,169,9158.54,98.47892473,310,4160,3852
14205,M,Chicago,26,14,61,1599.44,114.2457143,39,99,198
17702,F,Chicago,28,5,57,582.65,116.53,80,1320,1043
15271,F,Chicago,37,40,264,4158.71,103.96775,275,1257,1712
13982,F,Chicago,13,52,180,4542.05,87.34711538,115,1132,1189
15288,M,California,50,26,122,2584.94,99.42076923,88,775,1851
17978,F,Chicago,15,12,20,627.21,52.2675,12,499,98
16795,F,California,20,66,284,5208.53,78.91712121,66,239,275
16519,F,Chicago,45,5,6,101.94,20.388,13,54,185
17816,F,Chicago,29,10,96,1900.04,190.004,17,30,18
13021,M,Chicago,29,8,82,1846.16,230.77,134,1336,1919
16255,M,Chicago,7,60,104,4713.58,78.55966667,274,1760,1707
17671,F,New York,34,17,36,426.24,25.07294118,61,659,880
17646,M,New Jersey,13,9,91,998.48,110.9422222,54,320,783
12649,M,Chicago,33,2,2,27.38,13.69,33,574,386
16350,F,Chicago,31,25,29,1150.9,46.036,60,542,761
12872,M,New Jersey,20,66,290,4772.71,72.31378788,66,319,401
17339,F,California,21,4,8,46.4,11.6,9,152,168
18230,F,California,36,2,2,146.99,73.495,89,1298,2202
16499,F,Chicago,31,22,43,2072.77,94.21681818,22,122,248
17097,M,California,33,63,158,6366.26,101.051746,213,457,675
15192,F,Chicago,37,15,176,1047.57,69.838,51,918,614
14441,M,New Jersey,19,2,3,49.74,24.87,59,430,1311
15279,M,California,10,21,74,1836.58,87.45619048,21,185,194
16579,M,California,50,1,5,240.42,240.42,1,-12,-24
15380,M,California,9,1,7,330,330,37,374,1420
17442,M,California,34,1,7,235.92,235.92,140,1490,1449
17950,F,New York,39,40,208,6958.08,173.952,72,342,308
12826,M,California,33,49,313,8053.97,164.3667347,94,1054,971
17456,F,New Jersey,34,17,71,993.56,58.44470588,17,222,112
17307,F,New York,17,1,1,25.19,25.19,1,-144,-144
15811,F,Chicago,27,23,33,1345.89,58.51695652,139,1061,1561
13327,F,Chicago,14,21,28,913.9,43.51904762,109,1588,2879
17700,F,New York,21,3,3,55.17,18.39,146,1261,1766
13136,F,California,48,3,3,236.98,78.99333333,139,1312,1880
15535,F,Chicago,24,41,63,4233.74,103.2619512,78,129,390
12605,F,New York,37,3,3,301.19,100.3966667,3,-4,-6
15329,F,California,48,3,22,102.82,34.27333333,62,476,751
15211,M,California,40,23,117,1258.07,54.69869565,52,240,735
15596,F,California,39,43,242,3594.72,83.59813953,84,548,963
16163,F,Chicago,22,5,5,149.64,29.928,7,92,384
16907,F,California,16,34,469,3809.61,112.0473529,151,298,823
17576,F,California,23,44,312,6761.73,153.6756818,417,1954,2411
14713,F,Chicago,42,80,219,8039.72,100.4965,341,1613,1802
14702,F,New York,50,91,308,8641.24,94.95868132,348,1444,2456
13230,M,California,30,85,396,10698.8,125.8682353,612,1544,1884
13969,F,New York,15,44,251,3384.06,76.91045455,633,4483,6706
17530,F,Chicago,28,65,249,5744.59,88.37830769,394,1526,1569
15805,M,Chicago,33,11,250,1868.58,169.8709091,307,3337,3750
17696,F,California,2,8,9,1299.36,162.42,126,1730,1363
17076,M,New York,46,7,11,1113.76,159.1085714,25,295,743
17827,M,California,32,112,403,8015.07,71.563125,220,1247,1296
16265,M,California,38,38,143,2991.42,78.72157895,260,2627,4061
17880,M,California,12,26,46,2020.75,77.72115385,26,314,296
13000,M,New Jersey,32,11,12,933.32,84.84727273,31,379,367
17790,F,Washington DC,34,24,46,2093.42,87.22583333,190,836,1408
12731,F,California,28,62,1121,13214.08,213.1303226,277,8366,14043
14419,M,New York,20,21,47,1630.83,77.65857143,206,487,799
14082,F,New York,31,29,30,2605.54,89.8462069,29,110,111
17912,M,New Jersey,7,40,153,2167.45,54.18625,40,183,210
15723,F,Washington DC,4,41,85,3839.17,93.63829268,41,87,146
16656,F,Chicago,46,11,19,180.52,16.41090909,80,8873,4625
14037,M,California,24,26,71,1579.36,60.74461538,28,46,113
14256,F,Chicago,7,32,77,3152.43,98.5134375,54,410,696
14543,M,Chicago,11,11,22,2735.95,248.7227273,107,600,2581
16062,F,New York,20,7,7,649.27,92.75285714,64,800,770
18116,F,Chicago,38,155,374,11599.6,74.83612903,378,848,981
16019,F,California,34,27,37,1108.83,41.06777778,165,1649,2539
18178,F,New York,33,35,43,3224.14,92.11828571,99,979,1037
18065,F,Chicago,47,22,28,1847.42,83.97363636,138,1024,1755
13148,M,New York,16,130,186,18961.09,145.8545385,347,1828,2277
12989,F,California,5,2,2,175.59,87.795,68,2915,5997
14107,M,Chicago,11,17,48,1217.46,71.61529412,124,1788,1685
15881,M,New York,34,32,87,4438.72,138.71,32,199,347
12785,F,New Jersey,36,14,17,856.21,61.15785714,15,128,220
16727,F,California,11,46,245,3815.89,82.95413043,46,177,161
15514,M,Chicago,22,113,526,7477.42,66.17185841,218,1791,1999
13787,F,New Jersey,35,7,8,403.93,57.70428571,31,337,196
17865,M,Chicago,12,42,213,5275.3,125.602381,389,5698,7463
17220,F,New York,19,69,190,8018.23,116.2062319,472,1905,2228
16565,F,Chicago,2,3,11,102.45,34.15,3,46,150
16873,M,California,6,70,200,3409.85,48.71214286,289,3825,5011
14062,F,California,18,44,232,5630.73,127.9711364,111,5593,7626
15179,F,Chicago,19,45,104,3954.74,87.88311111,95,1907,1311
18016,F,Chicago,16,40,111,3221.05,80.52625,123,1029,923
14448,F,California,42,18,43,793.72,44.09555556,20,104,284
15503,F,New York,45,70,397,4160.39,59.43414286,70,74,102
17251,M,California,46,39,277,2084.51,53.44897436,39,110,216
16923,F,New York,23,125,1052,16001.87,128.01496,696,3183,4889
14159,F,California,13,51,134,2672.1,52.39411765,1212,4395,2466
17126,F,Chicago,32,63,328,6946.73,110.2655556,262,790,617
15224,F,Chicago,28,16,29,411.26,25.70375,16,150,215
14577,M,California,36,38,70,2729.72,71.83473684,123,353,712
12753,F,New York,13,52,136,2529.67,48.6475,230,11250,15602
17236,F,California,28,33,254,2662.79,80.69060606,105,474,639
17372,F,New York,4,95,259,8938.69,94.09147368,253,749,956
16367,M,California,20,37,40,1578.74,42.66864865,130,647,548
12875,F,New Jersey,24,1,1,7.2,7.2,2,2019,0
17917,F,California,40,29,47,2905.53,100.1906897,94,187,239
16010,M,California,5,24,331,3947.93,164.4970833,86,210,278
17085,F,California,19,86,552,6255.57,72.73918605,189,784,1181
13668,F,Chicago,15,61,113,4880.33,80.00540984,501,3637,4770
14684,F,Chicago,4,44,265,3419.26,77.71045455,421,853,788
17188,M,Chicago,8,37,192,3603.01,97.37864865,89,1301,1626
15547,M,New York,40,90,357,8525.9,94.73222222,702,4032,2940
15998,F,New York,16,118,516,9362.42,79.34254237,509,2037,1984
14413,F,Chicago,34,23,107,2552.11,110.9613043,23,68,73
18004,F,Chicago,30,40,386,3327.94,83.1985,40,78,126
13959,M,California,38,16,30,1103.81,68.988125,92,357,405
16665,F,Chicago,31,9,69,1060.06,117.7844444,9,59,107
15454,M,Chicago,39,25,113,1824.73,72.9892,25,86,140
15044,F,California,31,134,594,9426.52,70.34716418,461,2786,5997
17937,M,New York,38,18,27,1112.82,61.82333333,43,1754,3630
14608,F,California,48,1,1,11.59,11.59,20,437,1579
17618,F,Chicago,17,53,175,2765.14,52.17245283,78,331,778
14505,F,California,8,183,511,11947.05,65.28442623,803,2743,4318
18037,M,New Jersey,46,8,43,524.4,65.55,19,20,56
13198,M,California,50,77,132,6166.38,80.08285714,229,2645,2034
12540,F,Chicago,25,64,310,4595.59,71.80609375,481,6677,9842
13225,F,New York,50,12,52,556.19,46.34916667,34,3352,4092
15361,M,New York,2,7,7,521.14,74.44857143,7,336,360
15689,M,California,16,6,182,1121.29,186.8816667,9,84,214
14290,F,New York,17,25,395,3610.69,144.4276,103,913,1809
13209,F,California,18,21,26,483.86,23.04095238,329,4232,3527
13999,F,Chicago,48,32,45,3324.2,103.88125,212,2231,2678
14498,F,Chicago,25,14,18,768.5,54.89285714,193,1098,1418
15854,M,New York,44,25,38,2768.41,110.7364,140,939,2305
16701,F,Washington DC,14,20,28,1485.95,74.2975,154,6211,2689
16927,F,Chicago,45,2,9,38.69,19.345,6,993,117
17990,F,New York,20,12,35,1102.91,91.90916667,29,414,414
14544,M,California,6,57,510,5223.82,91.64596491,114,1543,1264
17338,F,New Jersey,40,122,422,7485.06,61.35295082,757,3123,4821
17231,F,California,5,85,461,7679.13,90.34270588,546,1736,2222
17799,F,Chicago,14,119,458,10168.02,85.44554622,410,1755,2078
14565,F,California,39,54,110,2103,38.94444444,129,1532,2225
16726,F,California,19,20,97,833.76,41.688,185,977,963
17303,F,Chicago,39,53,86,2919.67,55.08811321,53,144,164
14639,M,Chicago,46,42,53,3230.28,76.91142857,175,1428,2214
17611,M,New York,26,193,458,18767.59,97.24139896,582,2552,2601
17179,F,New Jersey,31,20,164,1926.74,96.337,80,290,576
17524,F,California,4,6,97,277.68,46.28,6,90,108
12476,M,Chicago,14,27,302,3434.05,127.187037,264,2337,5297
17293,M,Chicago,16,25,50,2432.74,97.3096,135,1140,1298
17890,F,Chicago,27,94,431,8129.04,86.47914894,94,416,395
17375,M,New Jersey,21,43,109,4417.13,102.7239535,71,361,201
17371,M,New Jersey,24,8,15,1364.03,170.50375,87,152,346
17969,F,California,11,7,8,154.04,22.00571429,14,152,170
15159,F,Chicago,29,80,113,8363.37,104.542125,720,11394,12361
13211,F,Chicago,33,2,2,69.72,34.86,56,874,729
15777,F,Chicago,24,8,11,610.78,76.3475,22,375,811
14525,F,New Jersey,48,27,32,2199.26,81.45407407,298,2662,2797
13324,F,Chicago,24,10,103,2570.89,257.089,77,5200,4739
13802,F,New Jersey,40,22,48,1375.25,62.51136364,66,2281,2813
13948,F,Chicago,9,3,3,160.82,53.60666667,3,40,64
13008,F,Chicago,48,15,42,2193.55,146.2366667,15,115,137
14206,F,Chicago,24,1,2,304,304,21,274,148
16202,F,New York,44,18,27,922.03,51.22388889,18,191,276
16442,F,New York,46,46,58,5558.2,120.8304348,174,446,399
18075,F,New York,12,36,122,3125.77,86.82694444,153,1437,1686
15468,F,Chicago,23,1,1,8.99,8.99,29,150,349
16570,M,New York,15,18,30,2019.18,112.1766667,133,2050,2458
14524,F,New York,15,26,35,1048.96,40.34461538,203,676,1501
18141,M,California,28,1,2,36.38,36.38,1,-12,-24
12434,F,Chicago,32,3,15,49.52,16.50666667,54,373,531
16810,F,New York,12,1,1,37.35,37.35,16,112,208
14961,M,Washington DC,34,41,71,3540.87,86.36268293,317,3692,4717
17041,F,New York,15,18,22,725.93,40.32944444,71,947,540
16458,M,Chicago,12,10,72,605.64,60.564,202,2154,2386
16083,M,California,21,17,64,603.56,35.50352941,31,908,906
16262,M,California,11,3,7,681,227,3,-5,-28
17194,F,New Jersey,19,28,141,1581.81,56.49321429,29,119,206
14057,M,New York,39,48,132,3578.95,74.56145833,291,4708,3765
14871,M,California,27,25,35,979.33,39.1732,98,185,415
13178,F,California,9,32,37,2031.06,63.470625,265,3570,3768
18044,F,California,9,6,8,854.98,142.4966667,128,1032,1609
16812,F,New York,40,15,52,1990.91,132.7273333,15,81,414
16191,M,Chicago,19,36,53,1649.37,45.81583333,151,3203,3185
12370,F,New York,21,91,613,7607.29,83.59659341,167,2353,2359
14298,M,Chicago,41,241,801,17077.33,70.86029046,1640,58021,25933
17158,M,California,17,25,26,2205.91,88.2364,67,778,931
14415,M,New Jersey,47,117,384,11308.71,96.65564103,612,2973,4370
16899,F,Chicago,36,16,21,883.05,55.190625,125,522,934
16531,M,New Jersey,28,14,83,1416.29,101.1635714,77,915,823
17404,F,New Jersey,11,48,101,4722.04,98.37583333,201,32324,13199
16556,F,New York,19,16,25,1542.57,96.410625,207,1890,2333
16805,F,Chicago,15,55,207,4042.87,73.50672727,98,539,243
16503,F,Chicago,29,53,322,4898.15,92.41792453,86,567,1101
17739,F,California,7,12,177,799.68,66.64,48,856,2561
13238,M,California,19,5,35,521.28,104.256,32,296,625
12829,M,New Jersey,15,12,18,1095.26,91.27166667,12,375,168
13097,M,California,33,52,280,3472.49,66.77865385,437,2341,4603
12867,M,Chicago,32,58,307,3985.78,68.72034483,551,4274,1847
15392,M,California,50,20,35,1731.73,86.5865,85,1265,846
13846,F,New Jersey,4,28,210,1419.34,50.69071429,58,383,615
14401,F,California,20,20,39,1956.95,97.8475,183,4505,2082
16145,F,California,9,38,63,2603.3,68.50789474,237,3072,2127
17629,F,New York,11,12,16,1325.52,110.46,124,1621,1000
14150,M,Chicago,48,12,13,788.1,65.675,26,496,416
13496,F,New York,21,27,142,1635.14,60.56074074,36,329,430
13611,F,New York,5,15,133,1193.79,79.586,76,762,682
16954,F,California,6,12,42,461.84,38.48666667,54,1054,1450
17454,M,New Jersey,15,9,13,1110.54,123.3933333,61,243,394
17449,F,Chicago,24,73,886,7396.62,101.3235616,279,1115,1952
17230,M,California,29,60,101,6540.31,109.0051667,73,1553,2751
12865,M,New Jersey,34,1,2,244,244,96,877,1114
15950,M,Chicago,44,29,210,2235.15,77.07413793,103,722,1375
15512,F,California,42,6,12,184.16,30.69333333,7,68,86
17525,M,New York,11,9,14,446.22,49.58,9,82,370
13458,F,California,33,87,198,4188.62,48.14505747,394,5460,6189
14426,F,California,13,47,69,4009.42,85.30680851,264,2339,2726
16003,F,California,10,20,120,1868.24,93.412,103,1185,2166
13092,F,Washington DC,2,7,8,336.92,48.13142857,26,271,356
13426,M,Chicago,38,32,101,1150.86,35.964375,159,2224,2541
15101,F,New York,40,5,7,282.52,56.504,9,239,173
17033,M,California,47,8,8,448.13,56.01625,28,750,808
13221,F,New York,35,35,136,2642.9,75.51142857,66,244,692
14201,F,California,12,4,6,345.96,86.49,39,578,420
17692,F,New Jersey,11,25,44,2954.5,118.18,47,666,422
15822,F,Chicago,4,16,86,1054.58,65.91125,33,375,652
16134,F,New York,5,19,76,2552.12,134.3221053,38,357,388
17551,M,Chicago,32,43,457,2888.55,67.1755814,43,150,228
18050,F,California,48,5,105,742.62,148.524,5,40,46
14913,M,Washington DC,4,17,30,1026.04,60.35529412,87,1743,508
12666,M,California,13,2,2,49.98,24.99,2,-56,-200
15641,F,Chicago,6,20,38,1408.29,70.4145,119,1562,1086
13124,M,New York,4,61,76,4715.28,77.29967213,235,2147,2719
17214,F,California,28,27,46,2017.59,74.72555556,104,275,802
15456,M,California,28,26,30,1585.13,60.96653846,60,660,186
15062,F,California,22,11,11,460.61,41.87363636,57,763,644
12928,F,Chicago,21,17,21,399.3,23.48823529,84,1472,1560
15727,F,Chicago,40,99,750,7652.55,77.29848485,302,3065,3465
17980,M,New York,47,15,26,749.69,49.97933333,30,682,523
15290,F,New York,3,19,23,676.47,35.60368421,212,4431,5076
17752,F,California,38,1,2,164,164,1,192,0
15615,M,Washington DC,19,50,403,4675.34,93.5068,429,5493,7417
12577,F,New Jersey,10,67,976,6559.3,97.9,148,466,395
17044,F,Washington DC,29,3,3,64.97,21.65666667,10,487,703
13829,F,New York,38,1,1,22.99,22.99,1,-12,-96
17633,F,Chicago,17,1,1,21.99,21.99,72,630,915
13266,F,Washington DC,12,1,3,59.16,59.16,202,4299,1511
17820,F,Chicago,35,3,61,397.36,132.4533333,5,-5,-21
15664,M,New York,10,2,150,374.48,187.24,19,141,276
17189,F,New York,42,38,359,4361.86,114.7857895,61,227,277
17496,F,Chicago,7,10,11,318,31.8,10,79,215
16607,F,California,31,9,37,941.5,104.6111111,174,2822,1785
13317,F,Chicago,17,14,47,1294.81,92.48642857,135,1003,1628
13890,F,New York,31,12,141,1672.01,139.3341667,114,826,1426
17001,F,California,18,32,153,1807.06,56.470625,169,2164,2901
15246,F,California,2,12,24,323.83,26.98583333,33,247,366
16996,F,New York,13,6,35,364.59,60.765,41,534,1040
15482,F,New York,18,8,63,353.79,44.22375,127,2998,5208
16037,F,California,15,15,109,1083.57,72.238,39,428,630
14841,F,California,50,19,24,2394.13,126.0068421,138,1778,2354
16670,F,Chicago,48,52,277,3886.2,74.73461538,262,2524,2788
16985,F,Chicago,5,33,543,4200.32,127.2824242,121,1830,4553
16705,F,California,18,60,313,3482.45,58.04083333,284,5458,11233
16470,F,New York,13,40,130,2745.16,68.629,171,530,494
14414,F,New Jersey,7,8,9,287.17,35.89625,98,2509,381
15563,F,Chicago,41,22,26,1595.82,72.53727273,117,1460,694
12980,M,California,23,6,144,1299.09,216.515,24,864,6697
16746,M,New York,16,47,74,3397.36,72.28425532,452,4662,4571
14878,M,New York,12,13,16,1064.23,81.86384615,124,802,1085
16743,F,California,9,30,184,2539.1,84.63666667,193,2010,1341
17146,M,California,5,16,210,2330.74,145.67125,35,212,643
12877,F,New Jersey,23,17,19,1506.04,88.59058824,154,1178,802
15394,F,New Jersey,38,24,48,2947.64,122.8183333,85,910,1761
14621,F,New Jersey,41,16,1014,3415.41,213.463125,96,987,1235
15379,F,California,10,138,477,11874,86.04347826,196,2293,2405
14309,F,New Jersey,49,22,39,954.73,43.39681818,123,1619,1486
17288,M,California,3,12,53,1462.54,121.8783333,142,1203,921
14709,M,New York,45,37,103,2979.92,80.53837838,197,2482,4080
15157,F,New Jersey,43,56,124,3211.73,57.35232143,133,2242,805
17744,F,New York,42,51,93,2649.08,51.9427451,137,3376,828
16316,F,Chicago,44,21,27,2479.27,118.0604762,156,1466,2043
15620,M,Chicago,48,31,53,1449.57,46.76032258,104,899,1039
15789,F,Chicago,28,25,45,2374.66,94.9864,25,438,92
16560,M,California,49,21,158,2488.27,118.4890476,58,498,537
13534,F,California,20,52,246,3961.93,76.19096154,342,2876,4301
17580,M,Chicago,30,44,91,5021.27,114.1197727,45,88,162
14777,M,Chicago,40,2,2,68.76,34.38,3,-9,-11
15759,M,Washington DC,26,4,4,134.56,33.64,7,60,216
14373,F,Chicago,40,4,4,172.46,43.115,4,17,62
18176,M,New York,19,33,232,2901.91,87.93666667,33,279,289
15366,M,California,37,8,45,1356.92,169.615,44,621,310
14735,M,Chicago,46,33,209,3487.46,105.6806061,205,2160,4456
16271,M,New York,24,16,21,792.4,49.525,134,1037,933
18223,M,Washington DC,44,60,149,4800.78,80.013,299,2890,4792
15532,F,California,23,50,92,6468.61,129.3722,263,508,1203
16816,F,Chicago,31,20,24,2964.87,148.2435,28,274,287
16684,M,California,43,57,134,6123.23,107.4250877,281,49390,43945
14334,M,California,41,42,135,3513.94,83.6652381,163,1730,1537
16945,F,Chicago,9,19,32,1457.35,76.70263158,249,2725,3138
14643,F,Washington DC,4,18,69,1269.27,70.515,34,755,366
15197,F,Chicago,45,4,4,77.77,19.4425,36,453,430
14220,F,California,19,11,12,1008.33,91.66636364,21,272,457
13874,F,California,39,18,81,1060.02,58.89,18,180,440
18260,M,New York,43,40,141,2995.47,74.88675,140,1469,1710
17848,M,Chicago,25,13,31,276.53,21.27153846,51,398,671
17392,M,Chicago,6,62,98,7821.58,126.1545161,62,320,301
12348,M,California,39,23,209,1639.27,71.2726087,31,2341,944
14985,F,New York,4,50,63,4956.59,99.1318,87,260,160
13004,F,California,37,72,234,6208.11,86.22375,409,4796,3038
14560,M,Chicago,40,22,28,2168.04,98.54727273,76,1223,1510
12931,F,New York,44,2,2,31.38,15.69,102,23377,20451
13627,F,Chicago,49,20,62,2001.2,100.06,94,1266,1050
12551,M,Chicago,41,10,17,1771.94,177.194,10,100,100
12782,F,Chicago,19,56,172,4501.13,80.37732143,107,1070,1629
14769,F,Chicago,26,59,80,5535.85,93.8279661,1094,7406,6833
15780,M,California,19,12,19,1979.93,164.9941667,29,220,339
12417,F,California,37,30,157,1942.03,64.73433333,198,1539,2762
17315,F,New York,10,85,358,9102.8,107.0917647,487,3856,4137
16711,F,Chicago,34,1,1,18.99,18.99,22,833,1168
12726,M,Chicago,25,25,42,2100.29,84.0116,124,3143,976
15204,M,New Jersey,29,9,11,379.43,42.15888889,9,258,170
17888,M,New York,37,18,67,1004.78,55.82111111,81,431,355
17007,F,Chicago,3,13,185,1356.01,104.3084615,53,587,544
15160,F,Chicago,30,4,5,431.3,107.825,4,84,108
14016,M,California,41,39,53,1799.2,46.13333333,162,2124,3126
13033,M,California,50,11,12,673,61.18181818,11,83,123
12691,F,California,7,15,19,1417.53,94.502,32,394,826
13869,F,New Jersey,6,71,729,12877.35,181.3711268,307,1721,2107
14146,M,California,29,70,579,10798.44,154.2634286,245,1886,1969
12705,F,New Jersey,45,30,36,1824.88,60.82933333,348,3973,4693
16885,M,New York,27,30,190,4172.17,139.0723333,101,184,366
17913,F,New York,29,31,60,1233.35,39.78548387,59,289,234
12668,F,California,32,74,214,7366.34,99.54513514,168,1595,2895
14472,F,Washington DC,10,70,835,6157.68,87.96685714,281,1160,1316
17358,F,Chicago,6,42,59,4984.81,118.6859524,59,202,256
16686,M,New York,31,87,123,8647.12,99.39218391,588,2025,2008
18245,F,Washington DC,5,55,86,8031.45,146.0263636,177,1781,1521
17343,M,New York,32,17,117,1197.49,70.44058824,17,56,154
18256,M,California,45,4,4,74.56,18.64,4,-70,0
16153,M,Chicago,29,10,11,1189.48,118.948,89,1073,1320
12377,F,California,27,77,421,10721.99,139.2466234,77,944,1080
14646,M,California,45,290,781,23080.08,79.58648276,2085,196719,185572
12944,F,California,43,14,42,1122.75,80.19642857,30,289,428
15312,F,Chicago,47,17,27,697.96,41.05647059,48,513,603
14099,M,New York,32,59,383,6855.81,116.2001695,252,2177,2151
14113,M,Chicago,23,7,43,678.72,96.96,40,635,1109
13104,F,New York,20,1,1,125,125,20,504,888
17204,F,Chicago,29,3,3,365,121.6666667,67,589,979
13027,F,New York,15,6,16,339.67,56.61166667,26,17280,0
17621,M,California,25,15,25,2526.03,168.402,27,510,1048
17090,F,New Jersey,23,2,2,104.59,52.295,64,920,1661
14119,M,California,8,1,1,21.19,21.19,1,-2,-18
15527,F,New York,21,27,41,3031.7,112.2851852,166,988,1859
18097,F,New York,6,16,23,1588.01,99.250625,109,1685,1970
15460,F,New York,4,58,274,6770.03,116.7246552,58,109,159
15034,M,New York,2,82,314,6436.57,78.4947561,400,2411,2931
12423,M,New York,9,16,17,865.66,54.10375,126,1327,1108
12678,M,New York,27,5,6,232.98,46.596,167,10899,10846
15208,M,Chicago,16,3,3,90.62,30.20666667,43,314,710
17306,F,California,9,9,9,208.56,23.17333333,69,11470,5194
14737,F,New Jersey,21,8,21,267.29,33.41125,17,345,973
13029,F,New York,35,1,1,15.99,15.99,10,134,1162
16270,F,Chicago,37,54,303,4659.75,86.29166667,54,688,804
13487,M,Washington DC,6,11,14,370.91,33.71909091,34,265,425
12515,F,New York,28,16,95,1367.14,85.44625,16,131,295
17400,F,California,45,37,305,6693.73,180.9116216,213,1097,1564
17593,F,New York,22,26,35,911.18,35.04538462,215,3095,2371
13953,F,Chicago,16,1,1,13.2,13.2,20,2724,2796
14533,F,Chicago,30,10,20,1360.11,136.011,65,2777,818
12734,F,California,27,4,5,103.95,25.9875,4,88,48
14944,F,California,18,1,2,43.98,43.98,172,2801,4445
17239,F,California,28,16,26,2786.25,174.140625,16,149,286
14532,F,Chicago,44,23,53,1996,86.7826087,64,284,749
12383,M,New York,32,69,185,5547.91,80.40449275,100,1529,1116
15562,F,New York,26,1,1,85,85,1,39,117
15587,M,Chicago,6,3,35,658.95,219.65,9,312,816
13922,F,New Jersey,11,7,27,379.49,54.21285714,7,93,120
13817,M,California,14,9,10,177.54,19.72666667,24,211,244
12585,F,New Jersey,4,74,212,4451.45,60.15472973,97,1258,1333
13165,F,Chicago,31,13,17,887.44,68.26461538,42,1376,460
13304,M,California,12,21,29,779.66,37.12666667,21,238,191
13313,M,California,42,17,21,511.9,30.11176471,78,851,1174
16875,F,California,3,28,113,3071.43,109.6939286,123,1044,1437
16282,F,California,20,11,17,848.65,77.15,11,114,79
12957,F,Chicago,44,31,70,1288.32,41.55870968,244,2531,2706
14462,F,Chicago,42,59,83,8637.48,146.3979661,246,932,1450
13397,M,California,40,8,10,569.92,71.24,39,429,1290
13680,M,Washington DC,34,91,299,6605.67,72.58978022,216,1267,1610
12483,F,New York,39,14,27,1071.38,76.52714286,81,1097,1733
15164,M,New York,28,16,24,473.54,29.59625,103,360,641
17457,F,Chicago,47,8,10,850.5,106.3125,19,826,1304
14732,F,New York,33,10,10,345.96,34.596,149,1402,1925
14221,F,New York,39,18,266,2332.47,129.5816667,194,2190,2313
14553,F,California,25,23,30,890,38.69565217,113,493,620
13253,M,Chicago,38,16,122,546.92,34.1825,36,1572,404
17389,F,New York,2,17,138,2736.13,160.9488235,224,7430,27447
12578,F,Chicago,8,76,116,6189.94,81.44657895,120,1171,2068
15841,M,New York,6,7,9,179.58,25.65428571,50,926,784
16112,F,Chicago,16,10,15,1007.22,100.722,16,574,8
13629,F,New York,22,8,14,1140.5,142.5625,59,4372,4826
16600,M,Chicago,32,9,289,1006.78,111.8644444,62,1145,334
15661,F,California,24,5,8,1402,280.4,5,236,200
16532,F,New York,7,1,1,16.5,16.5,4,2016,5280
15266,F,Chicago,22,6,7,677.8,112.9666667,6,18,103
14653,M,California,2,29,176,2534.97,87.41275862,237,950,1454
16771,M,Chicago,39,105,377,11906.24,113.3927619,255,1489,1499
17585,F,California,26,28,709,3341.94,119.355,214,1671,473
15046,F,New Jersey,4,49,114,4271.4,87.17142857,207,3307,3555
13082,M,Chicago,45,7,9,1069.99,152.8557143,75,4313,1519
15464,F,Chicago,40,157,839,14208.53,90.50019108,157,350,839
18226,F,New Jersey,40,22,55,1253.66,56.98454545,245,3459,3580
18062,F,California,25,5,5,131.5,26.3,27,396,535
12415,M,Chicago,29,47,169,3131,66.61702128,778,77242,87640
12503,F,Chicago,36,1,1,16.63,16.63,1,-1,-1126
17368,M,Chicago,8,42,73,2973.83,70.80547619,128,680,926
14258,F,California,31,31,78,1319.39,42.56096774,112,7098,8924
15719,F,Chicago,16,175,796,17395.13,99.40074286,938,2724,3746
13368,M,California,43,1,35,152.64,152.64,29,327,455
17634,F,Chicago,32,74,465,4423.79,59.78094595,297,840,1869
16676,F,New York,4,29,50,956.69,32.98931034,92,631,1217
16424,M,New Jersey,29,1,1,16.63,16.63,6,82,30
18283,F,New Jersey,36,102,155,7080.51,69.41676471,756,1397,1372
12735,M,Washington DC,5,43,65,3257.33,75.75186047,43,368,573
13764,M,New York,14,69,98,4412.97,63.95608696,208,932,1033
13656,M,Chicago,44,31,68,2206.58,71.18,49,490,177
12413,F,New Jersey,15,26,259,3168.11,121.8503846,40,282,487
14312,M,Chicago,27,23,551,3387.92,147.3008696,87,1012,1087
13280,F,California,43,78,220,8878.19,113.8229487,85,522,511
15845,M,Chicago,22,13,373,5609.75,431.5192308,140,1918,2607
16094,F,Chicago,16,2,2,31.69,15.845,67,633,695
13187,F,Chicago,50,37,117,1389.49,37.55378378,37,95,188
16567,F,California,20,26,36,2305.52,88.67384615,35,996,416
14828,F,New York,25,5,5,353.44,70.688,17,2172,1050
12530,M,California,29,13,86,1426.88,109.76,68,900,1245
16551,F,California,10,11,20,694.24,63.11272727,32,970,338
16889,F,Chicago,23,48,979,4992.24,104.005,135,925,1018
16473,F,Chicago,36,8,57,447.14,55.8925,19,195,208
13750,M,New York,20,1,1,8.79,8.79,24,516,1459
12501,M,Chicago,8,160,606,11200.83,70.0051875,160,1722,1281
15607,F,Chicago,40,13,17,965.01,74.23153846,13,202,48
15139,M,New Jersey,16,8,9,322.3,40.2875,13,208,66
12489,M,California,2,15,48,871.67,58.11133333,15,105,278
17707,F,Chicago,4,3,3,42.53,14.17666667,5,144,36
18198,F,Chicago,29,27,54,2510.68,92.98814815,166,3839,3881
12484,M,California,44,98,434,6399.46,65.30061224,350,2185,3296
18179,F,New York,6,35,63,2038.13,58.23228571,90,1360,1192
17284,F,New York,38,131,322,6977.85,53.26603053,294,1362,981
13233,M,Chicago,30,17,21,1401.1,82.41764706,43,1004,176
14889,M,Chicago,6,10,19,576.75,57.675,10,90,78
12480,M,California,22,42,51,1542.43,36.72452381,154,1707,2365
14672,M,New York,8,34,168,2476.54,72.83941176,61,454,523
13593,M,California,28,39,171,2714.11,69.5925641,129,707,1531
13162,F,New York,14,40,111,3621.75,90.54375,82,1663,826
13183,F,New York,42,20,48,2030.81,101.5405,94,2208,2543
17095,M,California,35,17,18,757.08,44.53411765,77,613,773
12939,F,Chicago,19,6,18,263.64,43.94,47,4876,8836
15611,F,New York,4,3,3,113.99,37.99666667,45,498,1208
17114,M,California,19,29,119,2913.33,100.4596552,135,210,612
15059,F,Chicago,20,30,44,2664.18,88.806,239,602,1047
16326,M,Washington DC,6,43,70,2162.11,50.28162791,320,689,2736
17128,F,New York,47,14,157,1013.73,72.40928571,14,76,107
14761,F,California,17,7,116,965.51,137.93,11,118,180
17555,F,Chicago,27,49,186,4042.99,82.51,106,349,309
12651,M,New York,44,9,255,2489.47,276.6077778,9,78,63
16735,M,New Jersey,42,47,139,3487.66,74.20553191,128,1554,1398
16833,F,California,46,18,67,1581.04,87.83555556,47,440,866
17800,F,Chicago,12,12,76,666.22,55.51833333,104,736,835
16748,M,Chicago,41,19,56,1948.41,102.5478947,69,880,980
14755,F,New Jersey,50,27,40,2873.08,106.4103704,237,2217,3674
16549,F,New Jersey,17,33,68,1793.63,54.35242424,981,2365,2940
13565,F,New Jersey,8,13,15,1035.58,79.66,38,172,168
15799,M,New Jersey,31,22,32,1089.45,49.52045455,98,955,489
18032,F,Chicago,37,5,5,65.95,13.19,5,42,60
13451,M,California,12,48,53,1965.19,40.94145833,444,2143,1748
14794,F,New York,31,9,13,827.36,91.92888889,82,669,922
12539,M,Chicago,13,187,486,20437.99,109.2940642,274,2066,2627
12500,F,Washington DC,46,5,5,95.76,19.152,65,2671,3764
18171,M,New York,21,15,16,1408.01,93.86733333,56,477,916
16279,F,Chicago,40,2,3,183.59,91.795,109,1052,959
12524,F,Washington DC,20,16,23,643.75,40.234375,144,3699,3138
17811,M,California,35,121,428,14348.64,118.5838017,872,4128,5248
16850,M,California,22,19,28,1605.73,84.51210526,19,249,213
14321,F,Washington DC,24,29,157,2456.36,84.70206897,123,2406,604
15326,M,Chicago,45,29,40,1881.77,64.88862069,29,386,130
17849,M,California,8,8,24,1463.96,182.995,26,114,551
13672,F,New Jersey,45,6,8,266.12,44.35333333,16,-1,-71
14229,M,Chicago,29,23,37,1893.61,82.33086957,43,590,1175
13107,F,California,20,23,149,2871.92,124.866087,60,1288,872
16497,F,California,16,27,332,3129.1,115.8925926,136,1396,2236
16303,F,Chicago,12,35,114,2471.36,70.61028571,167,2621,3848
15281,F,California,36,55,248,4071.59,74.02890909,150,1193,1568
12736,F,New York,3,4,25,165.85,41.4625,4,173,138
13473,F,New York,5,13,83,606.68,46.66769231,22,260,284
14320,F,Chicago,29,34,44,3027.66,89.04882353,42,239,238
12393,F,Chicago,39,22,119,2413.84,109.72,64,816,1084
17742,F,Chicago,35,13,108,1284.98,98.84461538,15,89,285
16351,F,New York,20,8,10,361.95,45.24375,8,90,84
12601,F,California,10,9,9,629.03,69.89222222,29,244,445
13144,M,California,38,3,3,49.99,16.66333333,3,21,92
15346,F,California,15,17,29,824.62,48.50705882,17,144,176
15370,F,New York,38,8,8,115.15,14.39375,95,828,1846
12643,M,New York,48,2,2,72.79,36.395,24,1808,2591
14295,F,Chicago,7,2,6,234.18,117.09,7,82,145
16034,F,New York,26,9,82,318.27,35.36333333,22,242,276
17365,F,New York,11,79,770,4891.27,61.91481013,468,4777,2608
15189,F,Washington DC,11,10,81,1482.03,148.203,232,6035,13122
14669,F,New York,39,110,146,7017.89,63.799,170,775,842
18095,F,Chicago,14,21,93,1428.84,68.04,21,419,315
15518,F,New Jersey,7,67,152,4651.99,69.43268657,220,1262,1199
15749,F,Chicago,44,5,8,663.5,132.7,15,9014,18708
14209,F,California,29,16,332,2399.31,149.956875,88,688,1583
15569,M,California,32,7,50,290.38,41.48285714,31,666,1004
12728,F,California,5,13,87,651.48,50.11384615,46,419,602
17569,F,California,41,29,40,1931.41,66.60034483,29,159,253
13784,M,New York,30,6,6,317.68,52.94666667,31,2493,1416
12724,M,California,19,11,13,595.04,54.09454545,53,445,799
13862,M,California,32,29,84,3640.37,125.53,142,1682,1270
16791,F,Chicago,7,53,78,3469.44,65.46113208,322,759,1251
16235,M,California,34,9,10,920.45,102.2722222,48,328,666
14270,M,New York,6,29,174,1903.85,65.65,29,197,360
12665,F,Chicago,10,4,17,127.53,31.8825,4,36,53
12523,F,Chicago,35,7,28,577.99,82.57,110,861,1290
16655,M,Chicago,40,39,419,2529.39,64.85615385,261,2367,2617
16359,F,New York,49,5,5,93.07,18.614,70,1154,1065
16554,F,Chicago,4,2,29,508.71,254.355,74,311,449
12359,M,New York,41,16,86,697.81,43.613125,254,1612,5333
15939,F,California,11,18,58,1175.59,65.31055556,77,4725,3662
14587,F,Chicago,30,118,441,10897.95,92.35550847,384,759,1151
14715,F,New Jersey,2,13,13,556.35,42.79615385,71,521,646
14185,F,California,19,3,12,116.4,38.8,3,6,195
12437,F,New Jersey,50,18,26,2593.34,144.0744444,201,2918,3241
14040,F,New York,10,67,333,8674.09,129.4640299,241,1524,2696
12652,M,New York,21,51,169,3103.62,60.85529412,51,502,640
14514,F,Chicago,29,26,72,1354.22,52.08538462,73,589,726
15171,F,New Jersey,48,7,9,142.14,20.30571429,7,190,930
14167,M,California,29,18,175,1430.35,79.46388889,52,150,525
17048,F,Chicago,39,16,23,1274.13,79.633125,48,474,646
17364,M,New York,39,52,68,2340.11,45.00211538,414,2680,3028
13284,F,Chicago,14,14,18,843.89,60.27785714,14,79,144
16500,M,New Jersey,6,1,1,15.6,15.6,11,123,307
12951,F,New York,18,20,28,1003.55,50.1775,65,500,738
15835,F,New York,46,15,26,741.19,49.41266667,50,439,700
18190,M,California,8,10,15,487.72,48.772,16,139,191
13993,M,Chicago,49,18,25,558.91,31.05055556,125,892,2931
14114,M,California,18,11,15,1207.18,109.7436364,15,101,303
15447,F,California,34,9,44,689.04,76.56,9,85,100
16315,M,California,35,14,16,307.75,21.98214286,14,75,189
14978,M,Chicago,36,74,119,4914.91,66.4177027,216,525,1612
16395,M,Washington DC,18,60,215,6962.09,116.0348333,210,1476,725
15510,F,New Jersey,15,1,1,35.66,35.66,1,2,250
13614,M,Chicago,20,9,31,624.25,69.36111111,201,570,1265
13246,F,California,25,40,65,2513.78,62.8445,143,1552,949
15687,M,New York,20,45,430,5726.97,127.266,168,1308,2223
16493,F,California,37,6,7,149.42,24.90333333,62,1113,698
12490,F,New York,26,43,61,3115.59,72.4555814,245,3064,3702
12672,F,California,43,10,10,315.15,31.515,10,78,165
13385,F,Chicago,26,35,199,3514.75,100.4214286,35,281,385
15626,F,New Jersey,8,20,30,1015.27,50.7635,49,766,328
12553,F,Chicago,8,39,91,1814.03,46.51358974,196,1924,2678
15213,M,Washington DC,41,25,28,755.06,30.2024,25,270,169
14175,M,California,37,21,64,1916.52,91.26285714,164,1461,2371
18106,F,California,49,39,160,3281.68,84.14564103,39,128,348
15033,M,Chicago,10,64,193,4248.08,66.37625,513,1692,1695
14329,F,California,22,76,158,4995.47,65.72986842,269,3075,3358
16401,M,Chicago,40,14,23,812.72,58.05142857,198,3858,1679
16206,F,California,28,25,117,1778.3,71.132,63,272,379
13782,M,New Jersey,17,36,80,3487.06,96.86277778,115,371,671
12924,M,California,45,2,3,28.35,14.175,31,480,760
16593,F,Chicago,4,1,1,8.09,8.09,27,116,267
13700,M,Chicago,42,26,110,1489.38,57.28384615,197,2304,1092
13064,M,New Jersey,15,9,11,233.95,25.99444444,69,516,853
13048,M,Chicago,45,40,556,3503.21,87.58025,137,1230,1050
18069,F,Chicago,10,77,220,5788.01,75.16896104,472,1308,1354
13634,M,Chicago,21,38,208,1302.55,34.27763158,188,704,1205
16843,M,New York,31,19,99,1851.14,97.42842105,379,10154,6133
17064,M,Chicago,7,23,349,3884.43,168.8882609,62,318,663
17609,M,New York,21,100,442,7693.71,76.9371,238,721,728
15673,M,New York,24,53,182,2466,46.52830189,155,1514,2050
12626,F,California,30,67,582,5673.09,84.67298507,307,3350,4645
14976,M,New Jersey,17,16,36,1019.42,63.71375,73,230,653
12388,M,Chicago,31,19,25,833.71,43.87947368,100,1462,1831
13527,F,California,44,5,6,71.95,14.39,224,1673,1464
15696,M,Chicago,12,48,59,3799.57,79.15770833,177,1022,2010
15316,F,California,28,1,1,50,50,1,100,100
12673,M,California,4,23,35,1907.83,82.94913043,42,351,428
15296,M,California,40,61,211,7483.31,122.6772131,200,1757,2683
17988,F,Chicago,45,13,53,2010.99,154.6915385,39,42,163
12820,M,California,24,11,107,741.47,67.40636364,59,722,576
13001,F,Chicago,45,36,137,2816.15,78.22638889,342,5497,7498
14101,M,California,25,3,4,141.97,47.32333333,35,6942,3342
14238,M,New York,21,8,29,1066.12,133.265,8,111,103
17730,F,Chicago,30,18,286,1280.23,71.12388889,220,3567,3531
13929,F,Washington DC,21,3,157,2674.43,891.4766667,10,139,690
14657,M,Chicago,2,62,251,6263.69,101.0272581,127,465,610
13859,M,New York,45,28,72,2571.34,91.83357143,28,129,140
18212,F,California,37,43,327,3212.63,74.71232558,43,101,179
14292,M,New Jersey,22,3,7,599.2,199.7333333,108,1643,3670
13883,M,California,36,1,10,41,41,155,1368,1747
18233,F,New Jersey,2,1,50,105.5,105.5,1,4,440
17018,M,Chicago,26,6,7,684.77,114.1283333,16,176,832
14242,F,Chicago,26,8,10,992.74,124.0925,16,123,204
12356,F,Chicago,31,36,56,2079.96,57.77666667,59,1591,2065
12346,F,New York,31,2,3,180.99,90.495,2,0,0
13898,F,New Jersey,23,12,122,390.61,32.55083333,12,133,106
16948,F,Chicago,2,5,57,677.44,135.488,19,1614,90
16997,F,New Jersey,35,8,22,770.99,96.37375,12,360,360
12527,F,Chicago,25,10,424,1697.47,169.747,18,234,242
15395,M,Chicago,4,7,11,1178.98,168.4257143,7,17,93
12510,F,California,25,29,216,1592.53,54.91482759,33,353,794
13693,M,Chicago,3,4,10,62.35,15.5875,4,-6,-27
13263,M,New Jersey,16,39,175,2791.94,71.58820513,1677,4780,4975
14428,F,Chicago,23,24,32,1285.22,53.55083333,148,428,979
12451,M,Washington DC,49,101,799,10878.83,107.7111881,355,6455,5612
12422,M,Chicago,50,13,101,1110.61,85.43153846,39,370,566
17708,M,New York,44,26,492,3229.1,124.1961538,35,91,207
14090,F,California,32,1,1,19.2,19.2,1,72,72
15606,F,Washington DC,15,10,14,590.78,59.078,91,720,1960
15831,F,California,39,18,54,1111.38,61.74333333,69,1097,320
13310,M,New Jersey,15,29,138,2321.01,80.03482759,77,575,716
14916,F,Chicago,42,15,20,2357.43,157.162,79,1132,802
17602,M,Chicago,40,103,409,12728.2,123.5747573,565,4135,3113
14572,F,California,43,58,109,5732.98,98.84448276,273,1425,2158
13502,F,California,32,4,13,140.27,35.0675,18,264,150
14784,F,New Jersey,25,4,12,266.9,66.725,15,237,191
15938,F,Chicago,34,5,8,1399.98,279.996,18,240,306
12637,F,California,13,75,125,4877.77,65.03693333,394,2990,4173
17418,M,Chicago,26,12,45,1151.97,95.9975,30,289,339
14779,M,Chicago,17,35,643,8888.43,253.9551429,41,84,335
16321,M,New York,18,4,58,289.92,72.48,16,78,168
15262,F,California,40,10,19,1945.16,194.516,10,73,128
17862,F,Chicago,17,11,13,1092.12,99.28363636,11,100,272
16892,M,Chicago,16,1,4,54.47,54.47,101,235,357
12402,F,California,22,11,17,750.07,68.18818182,11,94,140
17771,F,New York,33,22,29,2358.68,107.2127273,54,287,118
15422,M,California,6,6,6,380.48,63.41333333,6,38,70
14770,M,New York,39,17,139,1385.05,81.47352941,52,490,572
16912,F,Washington DC,16,13,30,1141.54,87.81076923,105,1014,1965
15174,M,Chicago,34,11,154,559.56,50.86909091,11,145,73
14895,M,California,42,3,30,92.8,30.93333333,506,4823,8267
12594,F,California,13,12,131,921.08,76.75666667,119,1776,2390
17504,F,Chicago,9,27,42,2318.99,85.88851852,140,1456,1880
16387,F,California,20,4,4,51.97,12.9925,4,44,68
12664,M,Chicago,14,5,5,795.99,159.198,38,1202,4198
16618,F,New York,11,35,59,5271.14,150.604,97,1362,2004
17277,F,California,31,52,231,4434.43,85.2775,69,430,808
14088,M,Washington DC,39,93,358,10282.49,110.5644086,590,12593,44100
17094,M,Chicago,35,15,97,1838.87,122.5913333,15,148,176
14692,F,California,16,28,48,5365.14,191.6121429,69,255,413
12970,F,California,2,8,52,558.4,69.8,151,310,307
17889,F,New Jersey,40,12,15,1161.83,96.81916667,21,79,156
17644,F,Chicago,5,1,1,19.59,19.59,169,1741,1892
17714,F,New York,6,10,12,577.06,57.706,10,92,120
12916,F,New York,2,40,178,4268.01,106.70025,109,1111,2309
17769,M,New York,32,34,269,4246.56,124.8988235,313,1857,2840
14450,F,New York,29,11,44,969.7,88.15454545,40,241,351
16085,M,California,15,28,140,2369.55,84.62678571,167,636,678
13659,F,Chicago,8,62,113,4578.44,73.84580645,108,879,1057
15167,M,California,2,41,51,2760.39,67.32658537,41,67,122
15443,M,Chicago,27,51,68,3510.63,68.83588235,385,1660,2271
14224,F,Chicago,3,40,113,4054.48,101.362,118,514,782
13742,F,California,6,96,500,9095.31,94.7428125,323,1116,2434
17673,F,Chicago,12,44,71,8052.72,183.0163636,228,1485,861
12727,M,Chicago,6,12,15,991.72,82.64333333,141,2085,2717
14068,M,California,32,24,254,2312.06,96.33583333,24,73,211
13068,F,California,47,1,1,7,7,2,200,200
14368,F,New York,4,8,9,1614.82,201.8525,8,36,134
15497,F,New Jersey,2,11,14,1716.55,156.05,16,622,982
12559,F,California,25,22,136,2959.61,134.5277273,22,281,392
13819,F,California,7,24,150,3274.75,136.4479167,36,1109,500
14501,F,Chicago,20,4,5,1000.97,250.2425,12,119,128
14782,M,California,12,6,11,516.74,86.12333333,6,114,160
17861,F,Chicago,37,8,12,921.17,115.14625,223,1968,1142
14439,F,New York,48,32,99,3026.91,94.5909375,32,526,2340
18161,F,California,47,15,19,863.7,57.58,81,810,1097
15820,F,New Jersey,8,17,137,1846.72,108.6305882,17,128,155
18136,M,Chicago,28,18,31,1773.29,98.51611111,39,373,574
16660,F,New Jersey,3,4,6,41.99,10.4975,17,451,563
12693,F,Chicago,4,9,17,1762.95,195.8833333,41,250,673
12625,M,New Jersey,26,58,186,6450.28,111.2117241,91,1577,1718
13396,M,Chicago,25,16,26,2463.65,153.978125,47,592,969
12935,F,New York,23,27,49,8962.58,331.9474074,130,1852,1201
16730,F,Washington DC,9,14,23,3282.64,234.4742857,84,898,291
14541,F,California,24,75,1069,13579.12,181.0549333,111,647,1136
13551,F,Chicago,46,4,5,1065.19,266.2975,4,12,81
12421,F,California,38,11,17,2099.64,190.8763636,46,483,574
15797,F,California,27,1,1,205,205,8,873,1703
15052,F,Chicago,33,30,67,3268.13,108.9376667,30,82,171
14130,F,New York,50,67,180,11266.03,168.1497015,67,258,328
15222,F,California,26,5,7,959.99,191.998,5,440,340
13615,F,California,11,24,232,2077.94,86.58083333,24,183,285
13901,F,California,10,11,22,768.92,69.90181818,149,1739,1909
13158,F,New York,47,19,67,3450.31,181.5952632,79,784,704
14257,F,Chicago,38,39,116,4161.15,106.6961538,107,1677,2222
15218,M,New York,11,28,253,2702.54,96.51928571,166,3329,3728
15110,F,New Jersey,8,9,719,1871.94,207.9933333,40,240,814
14534,M,California,14,29,85,5306.98,182.9993103,558,1925,3168
15967,F,New York,12,35,80,2953.45,84.38428571,84,211,284
16757,F,Chicago,22,7,10,925.06,132.1514286,7,81,66
12854,M,New York,42,36,46,4806.74,133.5205556,115,622,884
13815,F,California,33,53,85,8513.32,160.6286792,177,2557,2776
18008,F,California,25,12,44,512.32,42.69333333,30,1581,1306
18277,F,Chicago,47,1,2,304,304,9,67,62
14389,M,Washington DC,38,6,166,680.93,113.4883333,62,702,659
13703,F,Chicago,18,1,2,257.99,257.99,1,10,90
15339,F,Chicago,47,41,70,5572.67,135.9187805,88,414,368
12744,M,New York,16,56,366,10464.6,186.8678571,229,5234,6425
16222,F,New York,45,137,336,12246.47,89.39029197,137,365,651
14341,F,Chicago,3,24,135,1840.51,76.68791667,130,1401,1531
13168,F,Chicago,24,76,753,5478.9,72.09078947,133,680,917
16943,M,Washington DC,34,21,25,1567.77,74.65571429,33,145,707
17515,F,California,44,31,106,2869.71,92.57129032,87,243,538
17082,F,California,30,24,58,518.63,21.60958333,81,1049,1491
14248,M,Chicago,34,8,16,251.5,31.4375,8,102,252
12609,F,Chicago,3,16,19,435.35,27.209375,60,648,787
13002,F,Washington DC,44,7,9,891.88,127.4114286,7,73,87
16133,F,New Jersey,22,13,20,1290.95,99.30384615,365,8738,10588
13049,M,New York,3,7,15,263.17,37.59571429,14,268,480
14548,F,California,48,2,3,325.99,162.995,4,256,512
13405,F,New York,7,6,8,317.95,52.99166667,27,165,485
14049,M,Chicago,45,115,271,11934.21,103.7757391,505,3846,3622
16043,F,California,19,17,24,1134.74,66.74941176,39,503,493
15812,F,Chicago,32,2,2,360,180,41,922,1344
13837,F,California,5,9,120,1157.88,128.6533333,19,183,181
17118,F,New Jersey,49,10,135,1826.84,182.684,10,154,76
14616,F,New York,33,1,1,125,125,3,104,320
14233,F,New Jersey,2,15,44,2270.92,151.3946667,36,671,1074
17075,F,California,24,18,22,432.87,24.04833333,80,289,636
16714,M,New Jersey,38,93,233,11602.03,124.7530108,94,608,579
13098,F,California,5,21,25,2506.87,119.3747619,605,15911,19970
17027,F,California,32,43,55,3709.07,86.25744186,155,415,609
12591,F,California,25,26,158,4798.26,184.5484615,26,228,303
17786,F,California,9,28,180,2267.22,80.97214286,72,200,178
16124,F,New York,34,16,23,985.95,61.621875,16,41,158
16409,F,Chicago,45,48,118,5360.66,111.6804167,232,1306,1332
13754,M,New York,7,8,89,1021.57,127.69625,12,214,154
15227,M,Washington DC,42,16,17,1164.37,72.773125,58,750,854
12997,F,California,45,18,89,937.27,52.07055556,67,648,906
15215,F,California,15,2,4,268.17,134.085,43,211,527
16918,M,Washington DC,47,31,108,2717.16,87.65032258,130,708,670
16882,M,Chicago,28,1,2,244,244,39,424,451
14442,F,California,44,32,251,4304.41,134.5128125,68,475,1261
16496,M,California,16,41,74,6113.55,149.1109756,97,1091,1061
12764,F,Chicago,25,45,217,5806.64,129.0364444,45,386,1442
17311,F,California,6,24,31,3998.16,166.59,55,1005,846
15910,F,California,8,42,302,6255.54,148.9414286,267,1015,683
16949,M,New York,44,5,8,852.99,170.598,61,790,773
14970,F,New York,46,5,113,1541.05,308.21,34,250,1434
14701,M,Chicago,43,57,277,8409.91,147.5422807,350,909,1941
12645,F,New Jersey,50,16,77,2549.38,159.33625,74,1072,1122
12468,F,California,9,12,26,1475.21,122.9341667,40,364,480
16767,M,Washington DC,29,50,100,6740.06,134.8012,222,4435,3444
14738,M,Chicago,13,11,17,2164.96,196.8145455,56,576,1006
17540,F,New York,37,8,39,371.75,46.46875,26,193,452
14239,F,California,46,9,139,529.43,58.82555556,116,986,1829
18125,F,Chicago,3,83,165,11536.85,138.9981928,197,803,696
13328,M,Chicago,18,17,41,2458.41,144.6123529,17,680,880
15549,F,Chicago,5,62,260,9667.94,155.9345161,116,688,1278
15864,F,California,17,9,11,1346.31,149.59,24,1044,1525
14662,M,California,36,24,120,4362.46,181.7691667,168,602,486
17180,F,Chicago,35,55,202,6340.46,115.2810909,131,680,495
15057,M,Chicago,12,22,67,3080.03,140.0013636,25,668,1116
12574,F,California,48,11,190,1776.83,161.53,11,61,174
13330,F,New York,47,13,50,1417.02,109.0015385,53,751,716
13552,F,New York,50,8,40,335.97,41.99625,121,1386,2901
12853,M,New York,11,23,43,2190.73,95.24913043,84,782,1411
13538,M,New York,32,3,3,35.57,11.85666667,25,175,1169
16755,F,California,33,16,22,1790.6,111.9125,176,1058,888
14133,F,Chicago,32,17,46,2164.46,127.3211765,30,342,335
16523,M,New York,6,26,47,2100.71,80.79653846,298,4233,7811
14659,F,New York,42,50,116,6062.35,121.247,259,1183,1778
13141,F,Chicago,25,32,112,3513.46,109.795625,136,1547,1560
15365,M,Chicago,30,12,16,2153.17,179.4308333,151,758,979
13707,F,Chicago,28,32,272,4346.02,135.813125,48,351,644
13709,F,New York,22,31,471,2823.63,91.08483871,346,3501,4574
17329,F,Chicago,9,16,31,2676.15,167.259375,33,142,436
14805,M,New York,20,19,56,3177.21,167.2215789,47,115,497
16897,M,New Jersey,49,30,34,3901.91,130.0636667,44,58,180
15579,F,California,21,26,35,3886.84,149.4938462,51,120,292
14595,F,New York,33,5,7,796.99,159.398,102,978,1216
13161,F,Chicago,4,8,9,517.33,64.66625,8,29,91
15415,M,Chicago,27,48,61,7702.18,160.4620833,48,575,271
17431,M,Chicago,7,43,164,6923.52,161.012093,43,292,210
17463,F,New York,27,94,186,10939.88,116.3817021,219,1090,1338
14502,M,Chicago,22,45,57,5094.02,113.2004444,631,1483,1580
12528,F,New York,43,31,96,4742.32,152.9780645,95,750,1527
15448,M,New York,24,28,54,5322.87,190.1025,28,232,358
17314,M,Washington DC,24,26,71,3798.54,146.0976923,136,1884,1567
17373,M,New Jersey,11,17,46,2214.71,130.2770588,57,408,431
18145,F,Chicago,36,42,259,4336.78,103.2566667,221,2625,1579
14467,F,Chicago,34,15,193,2779.12,185.2746667,90,278,423
12908,M,Washington DC,32,2,2,241,120.5,4,0,0
15144,F,Chicago,35,19,782,4273.65,224.9289474,218,3026,5286
14776,F,New York,42,22,31,3086.03,140.2740909,134,2688,810
16403,F,California,26,10,36,862.48,86.248,15,103,87
16407,M,California,48,20,23,1343.74,67.187,172,1124,1593
17619,F,New York,30,77,285,6486.86,84.24493506,77,127,145
12778,F,Chicago,42,9,10,611.51,67.94555556,51,824,371
17256,F,New York,43,12,20,1034.64,86.22,16,141,131
17604,F,California,28,27,35,4092.35,151.5685185,63,169,236
14006,F,New Jersey,3,7,12,741.22,105.8885714,30,641,681
13600,F,California,13,19,23,2904.22,152.8536842,19,324,109
15058,M,New Jersey,8,61,96,6366.32,104.3659016,276,1069,1573
17147,F,Chicago,24,18,49,974.22,54.12333333,85,878,1215
13881,F,Chicago,22,13,25,2125.6,163.5076923,180,10062,12421
16612,F,California,17,18,88,3232.86,179.6033333,66,506,947
14627,F,Chicago,46,5,7,654.89,130.978,5,-5,-18
17356,F,Chicago,8,19,21,2038.01,107.2636842,19,166,93
12477,F,California,10,2,2,265.79,132.895,308,3620,10973
12836,M,Chicago,6,39,227,3375.54,86.55230769,175,1064,2031
13939,M,Chicago,36,13,14,1504.39,115.7223077,46,843,246
16745,F,New York,29,58,90,5847.84,100.8248276,358,6727,3516
13606,F,California,28,3,4,381.87,127.29,43,279,98
13494,M,California,33,18,24,1227.47,68.19277778,18,162,200
12929,F,Chicago,26,8,13,942.87,117.85875,9,36,74
16419,F,California,50,17,28,1052.56,61.91529412,52,435,770
17035,F,New York,10,18,27,1814.52,100.8066667,32,201,255
15203,M,California,19,20,39,275.16,13.758,142,1753,1000
16515,F,New Jersey,19,31,139,2719.75,87.73387097,113,833,1053
12373,F,New York,23,14,22,574.54,41.03857143,14,197,200
18202,F,New Jersey,18,23,457,4885.18,212.3991304,68,581,1075
12775,M,California,21,13,29,1485.16,114.2430769,67,853,828
14549,F,Chicago,22,56,445,7334.58,130.9746429,56,136,209
15981,F,California,13,4,5,142.73,35.6825,97,1866,2498
16110,M,Chicago,29,115,252,13475,117.173913,354,733,923
17376,F,New Jersey,34,13,18,676.37,52.02846154,24,86,148
13110,F,New York,36,20,52,1085.95,54.2975,146,384,1190
16716,F,California,44,1,1,55.42,55.42,3,44,284
12676,F,California,38,12,13,1441.43,120.1191667,45,670,984
15940,F,California,32,2,2,20.34,10.17,2,3,28
15971,F,Chicago,39,4,4,423.95,105.9875,35,1717,3596
14665,F,Chicago,4,26,403,5428.4,208.7846154,117,500,967
14457,F,New Jersey,4,4,106,1666.06,416.515,4,88,92
15589,F,California,11,12,57,1466.22,122.185,30,242,330
14411,F,New York,17,14,14,694.14,49.58142857,14,196,956
17560,F,California,19,4,4,231.89,57.9725,27,651,523
15226,F,Chicago,37,8,10,891.08,111.385,8,71,120
14460,F,California,38,2,3,444.55,222.275,17,869,48
16156,F,New York,24,18,20,2035.25,113.0694444,139,1270,2323
13728,F,New York,2,9,19,1021.4,113.4888889,63,458,726
14127,F,Chicago,17,20,27,2207.57,110.3785,44,321,546
16378,F,Chicago,4,10,18,1837.78,183.778,23,267,206
13894,F,New York,16,10,11,827.45,82.745,30,339,412
13824,M,Chicago,42,11,12,924.42,84.03818182,46,768,1334
18250,M,Chicago,15,21,117,2661.48,126.7371429,22,198,236
15270,F,Chicago,36,18,25,917.72,50.98444444,48,1459,1098
14188,F,California,50,12,57,1415.5,117.9583333,71,1145,1627
18017,M,Chicago,37,1,1,26.06,26.06,3,300,300
15421,F,California,49,16,38,678.67,42.416875,53,500,702
17446,F,New York,42,5,9,886.17,177.234,9,198,12
12414,M,New York,43,7,7,645.86,92.26571429,18,300,417
14798,F,California,37,6,8,1195.76,199.2933333,12,150,102
12990,F,California,47,3,4,576.05,192.0166667,13,200,350
12350,M,California,25,17,21,1487.95,87.52647059,17,197,244
16992,F,California,7,2,4,56.62,28.31,95,857,1144
17337,F,California,44,260,1448,38162.49,146.7788077,548,1240,1329
16405,F,California,20,3,4,56.22,18.74,5,187,69
17071,F,Chicago,15,17,19,1380.33,81.19588235,148,1182,1781
13873,M,Chicago,24,7,7,412.85,58.97857143,24,138,286
17362,F,California,46,12,14,1005.1,83.75833333,35,191,209
13394,M,Washington DC,6,16,20,1313.8,82.1125,164,2215,1304
12502,F,California,23,31,117,5371.43,173.2719355,147,820,3211
16333,F,New York,41,2,6,618.49,309.245,45,32184,19632
16030,F,New York,50,29,45,3810.66,131.402069,29,283,171
14044,M,California,49,55,72,7826.79,142.3052727,209,308,477
13800,F,California,27,33,60,3498,106,33,331,358
17672,M,California,39,41,55,5266.07,128.4407317,115,1672,2174
12464,M,New York,26,6,10,1303.38,217.23,29,112,1141
13581,F,California,47,10,15,973.57,97.357,10,30,95
14540,F,New Jersey,12,11,13,1504.04,136.7309091,76,421,763
13539,M,New York,24,11,12,1250.05,113.6409091,38,314,447
15885,F,California,39,1,1,28.41,28.41,18,111,309
14497,M,California,42,29,154,2954.65,101.8844828,31,233,329
17507,F,California,25,45,57,6161.48,136.9217778,88,359,412
13208,F,Chicago,4,26,97,2505.58,96.36846154,150,786,764
17334,F,Washington DC,8,10,15,1703.84,170.384,12,314,144
13871,F,New York,17,23,33,3478.2,151.226087,338,2801,4888
16938,F,New Jersey,7,14,21,2236.03,159.7164286,242,1025,1348
12754,F,California,11,37,66,4080.68,110.2886486,65,6479,554
12410,M,California,8,26,67,2558.02,98.38538462,28,209,575
17929,M,California,4,2,2,286.18,143.09,6,107,772
14778,M,Chicago,26,18,72,2911.96,161.7755556,35,306,572
17517,F,California,20,11,12,1083.41,98.49181818,11,102,84
17226,F,Chicago,22,21,175,2433.38,115.8752381,21,406,151
13137,M,California,37,48,78,7815.52,162.8233333,705,2225,2436
13725,F,Chicago,48,41,50,5001.91,121.9978049,118,659,1440
13309,M,Chicago,14,34,51,4559,134.0882353,107,1544,749
12842,F,New Jersey,27,14,18,2916.23,208.3021429,34,547,788
16109,F,New York,50,3,5,798.36,266.12,18,612,300
17291,F,Chicago,14,1,1,127.8,127.8,1,72,504
15090,F,Chicago,17,23,32,2699.58,117.3730435,23,208,250
15199,F,New Jersey,41,3,3,161.17,53.72333333,13,396,1050
13911,M,Chicago,30,25,131,3267.71,130.7084,148,2731,1307
14194,M,Chicago,19,30,52,4488.48,149.616,604,5783,8362
14842,F,New Jersey,14,2,2,175.58,87.79,158,1146,1795
13584,M,Chicago,35,24,35,3020.84,125.8683333,24,37,118
17105,F,New Jersey,38,38,64,5244.66,138.0173684,90,693,332
14438,F,New York,41,9,29,562.38,62.48666667,9,82,62
12956,F,Chicago,48,19,35,3138,165.1578947,19,34,85
15781,M,New Jersey,19,5,10,767.79,153.558,21,178,249
14410,F,New York,45,8,11,1160.99,145.12375,287,293,402
14600,F,California,7,2,9,751.17,375.585,25,125,310
